{"train_loss": [32.47068837483724, 33.30916843414307, 32.83265234629313, 31.56952412923177, 32.40530529022217, 32.57122586568197, 32.110218365987144, 32.54451789855957, 32.12155431111653, 32.218688329060875, 32.08931624094645], "dev_loss": [36.64544518788656, 38.66152381896973, 39.32239786783854, 39.37680308024088, 39.71825631459554, 39.34989102681478, 38.99832979838053, 39.49322636922201, 39.4918098449707, 41.43679745992025, 40.94032986958822], "train_acc": [0.4897680763983629, 0.5361527967257844, 0.562755798090041, 0.5733287858117326, 0.568212824010914, 0.580150068212824, 0.5866302864938608, 0.5907230559345157, 0.595156889495225, 0.5995907230559345, 0.6050477489768077], "dev_acc": [0.4836852207293666, 0.5067178502879078, 0.5009596928982726, 0.4894433781190019, 0.5163147792706334, 0.527831094049904, 0.5067178502879078, 0.5143953934740882, 0.5143953934740882, 0.5009596928982726, 0.4932821497120921], "acum_time": [24.4699866771698, 40.14675259590149, 80.24089336395264, 161.1462664604187, 321.19135093688965, 642.763601064682, 1284.5565040111542, 2569.19792675972, 5139.272675991058, 10278.95506119728, 20558.217153072357]}