{"train_loss": [33.36821492513021, 34.578856531778975, 33.89094696044922, 34.058828353881836, 35.05398801167806, 34.75677973429362, 34.392985852559406, 33.98463166554769, 33.46793975830078, 33.19732723236084, 32.901450093587236, 32.739508056640624, 32.47168699900309, 32.80264409383138, 31.81581999460856, 31.78709462483724, 31.130296389261883, 31.473888397216797, 31.463449478149414, 31.16673158009847, 31.183154996236166, 30.929573885599773, 30.873942438761393, 30.915109570821127, 30.962737719217937, 30.849007097880044, 31.010043716430665, 30.81540241241455, 30.645682334899902, 30.25285358428955, 30.377241706848146, 30.941260274251302, 30.007523345947266, 30.495560264587404, 30.07629451751709, 30.278041330973306, 30.538643836975098, 30.36134281158447, 30.395587984720866, 30.24125951131185, 30.31955649058024, 30.520195070902506, 30.380286026000977, 30.468645922342937, 30.3767063776652, 30.44351272583008, 30.33955078125, 30.435875511169435, 30.15784409840902, 30.29386501312256], "dev_loss": [37.41754945119222, 38.04357941945394, 36.67455228169759, 35.80108165740967, 38.38510767618815, 38.59376366933187, 38.83031813303629, 38.62514877319336, 37.06638876597086, 37.865988413492836, 38.1191291809082, 38.51330375671387, 38.49740409851074, 39.05291207631429, 39.4999148050944, 39.765676498413086, 40.04042402903239, 37.7757298151652, 38.0857146581014, 38.0348170598348, 38.02958679199219, 38.01358191172282, 37.71530564626058, 37.30418332417806, 37.94687430063883, 36.657050132751465, 36.29979260762533, 36.75953769683838, 36.74862130482992, 36.73394966125488, 36.727175076802574, 36.72095966339111, 36.71588261922201, 36.71072737375895, 36.70992787679037, 36.7086607615153, 36.71614519755045, 36.855916341145836, 36.853983879089355, 36.852515856424965, 36.71145534515381, 36.69727484385172, 36.694857597351074, 36.69326559702555, 36.69167296091715, 36.69053363800049, 36.69012769063314, 36.68938128153483, 36.68874645233154, 36.68815771738688], "train_acc": [0.49590723055934516, 0.5347885402455662, 0.5491132332878581, 0.5637789904502046, 0.5515006821282401, 0.5654843110504775, 0.5743519781718963, 0.580150068212824, 0.5972032742155525, 0.6057298772169167, 0.6053888130968622, 0.6125511596180082, 0.619031377899045, 0.6217598908594816, 0.626193724420191, 0.6278990450204639, 0.6347203274215553, 0.6313096862210096, 0.6340381991814461, 0.6388130968622101, 0.6415416098226466, 0.6439290586630286, 0.6422237380627558, 0.6446111869031378, 0.647680763983629, 0.6487039563437926, 0.6469986357435198, 0.6466575716234653, 0.6507503410641201, 0.6534788540245566, 0.6545020463847203, 0.655525238744884, 0.6565484311050478, 0.6575716234652115, 0.6585948158253752, 0.6585948158253752, 0.6585948158253752, 0.6589358799454298, 0.6589358799454298, 0.6596180081855388, 0.6596180081855388, 0.6596180081855388, 0.6599590723055935, 0.660300136425648, 0.660300136425648, 0.6606412005457026, 0.6606412005457026, 0.6606412005457026, 0.6606412005457026, 0.6609822646657572], "dev_acc": [0.46833013435700577, 0.4856046065259117, 0.4798464491362764, 0.5220729366602687, 0.5297504798464492, 0.5297504798464492, 0.5316698656429942, 0.5201535508637236, 0.5316698656429942, 0.5316698656429942, 0.5355086372360844, 0.5316698656429942, 0.5355086372360844, 0.5355086372360844, 0.5335892514395394, 0.5355086372360844, 0.5239923224568138, 0.527831094049904, 0.527831094049904, 0.527831094049904, 0.5316698656429942, 0.5297504798464492, 0.5316698656429942, 0.5355086372360844, 0.5374280230326296, 0.5374280230326296, 0.5393474088291746, 0.5412667946257198, 0.5412667946257198, 0.5412667946257198, 0.5412667946257198, 0.5412667946257198, 0.5412667946257198, 0.5412667946257198, 0.5412667946257198, 0.5412667946257198, 0.5412667946257198, 0.5412667946257198, 0.5412667946257198, 0.5412667946257198, 0.5412667946257198, 0.5412667946257198, 0.5412667946257198, 0.5412667946257198, 0.5412667946257198, 0.5412667946257198, 0.5412667946257198, 0.5412667946257198, 0.5412667946257198, 0.5412667946257198], "acum_time": [0, 17.390317678451538, 33.917834997177124, 50.52713131904602, 68.55600357055664, 86.09431505203247, 100.96898102760315, 117.35576510429382, 131.7496690750122, 147.82936835289001, 162.55602478981018, 177.97571873664856, 192.75542545318604, 208.6693971157074, 222.92512774467468, 238.09695267677307, 253.05810689926147, 268.95419454574585, 284.37907576560974, 302.1962857246399, 317.66146540641785, 334.8801004886627, 351.70421504974365, 367.1760501861572, 382.2642140388489, 398.5249981880188, 413.91229367256165, 429.20673155784607, 443.435186624527, 460.64687180519104, 477.15888237953186, 494.06591629981995, 511.1015763282776, 528.7698884010315, 545.9443850517273, 561.5869705677032, 577.1482412815094, 591.9316205978394, 607.7490887641907, 624.6777141094208, 639.3828315734863, 655.1403176784515, 670.6845304965973, 687.9931039810181, 703.1801929473877, 718.8616099357605, 733.839967250824, 750.8434777259827, 767.0329585075378, 784.7819519042969]}