{"train_loss": [32.049838066101074, 33.12178738911947, 33.02557029724121, 32.87125091552734, 32.46970589955648, 34.113137563069664, 34.02823301951091, 34.19697589874268, 33.80982386271159, 33.71205787658691, 32.937868436177574, 33.379518699646, 32.34435068766276, 32.28539702097575, 32.379893175760905, 32.26678867340088, 32.076517486572264, 32.0650266011556, 32.1451322555542, 31.83051986694336, 31.834369913736978, 31.724057133992513, 31.427280871073403, 31.540287208557128, 31.60462894439697, 31.802865282694498, 31.517957242329917, 31.701457341512043, 31.791879844665527, 31.41588306427002, 31.663835970560708, 31.61131362915039, 31.398063151041665, 31.237353070576987, 31.539217313130695, 31.680533790588377, 31.746487681070963, 31.4649507522583, 31.589059130350748, 31.45845495859782, 31.458014297485352, 31.598835055033366, 31.51435114542643, 31.24073225657145, 31.813219833374024, 31.43038444519043, 31.31205965677897, 31.600458844502768, 31.52723636627197, 31.37942689259847], "dev_loss": [40.96961752573649, 41.09986241658529, 41.20131746927897, 43.86882209777832, 44.380014419555664, 43.535773595174156, 43.51627985636393, 43.12492370605469, 43.06125513712565, 44.48287709554037, 43.94679959615072, 44.09629249572754, 42.41463279724121, 42.547295888264976, 41.84249305725098, 42.06551869710287, 42.02568753560384, 41.698106129964195, 41.91349856058756, 41.851101557413735, 41.78302574157715, 41.79761060078939, 41.80747032165527, 41.81426874796549, 41.681091944376625, 41.68632062276205, 41.69082578023275, 41.69120788574219, 41.69691022237142, 41.68998908996582, 41.69245147705078, 41.69348462422689, 41.69589424133301, 41.69695727030436, 41.69869295756022, 41.702077865600586, 41.703795750935875, 41.70373980204264, 41.70489311218262, 41.70658938090006, 41.70660718282064, 41.70866584777832, 41.708943684895836, 41.709744135538735, 41.7103328704834, 41.71056811014811, 41.711085637410484, 41.711935679117836, 41.71222368876139, 41.712632497151695], "train_acc": [0.4948840381991814, 0.5497953615279673, 0.5634379263301501, 0.5821964529331515, 0.5794679399727148, 0.5784447476125512, 0.5876534788540245, 0.5917462482946794, 0.599931787175989, 0.6033424283765347, 0.6067530695770805, 0.6077762619372442, 0.6105047748976807, 0.6139154160982264, 0.6169849931787176, 0.6183492496589359, 0.6224420190995907, 0.6268758526603001, 0.6278990450204639, 0.6336971350613916, 0.635743519781719, 0.6384720327421555, 0.6391541609822646, 0.6394952251023193, 0.6398362892223738, 0.6412005457025921, 0.6422237380627558, 0.6425648021828103, 0.642905866302865, 0.6432469304229195, 0.6442701227830833, 0.6449522510231923, 0.6449522510231923, 0.6449522510231923, 0.6449522510231923, 0.6449522510231923, 0.645293315143247, 0.6456343792633015, 0.6456343792633015, 0.6456343792633015, 0.6456343792633015, 0.6456343792633015, 0.6456343792633015, 0.6456343792633015, 0.6456343792633015, 0.6456343792633015, 0.6456343792633015, 0.6459754433833561, 0.6459754433833561, 0.6459754433833561], "dev_acc": [0.4798464491362764, 0.4836852207293666, 0.4990403071017274, 0.491362763915547, 0.4894433781190019, 0.5028790786948176, 0.5163147792706334, 0.5009596928982726, 0.510556621880998, 0.510556621880998, 0.5163147792706334, 0.5124760076775432, 0.510556621880998, 0.5047984644913628, 0.5028790786948176, 0.4971209213051823, 0.4990403071017274, 0.5028790786948176, 0.5047984644913628, 0.5047984644913628, 0.5047984644913628, 0.5067178502879078, 0.5067178502879078, 0.5067178502879078, 0.5047984644913628, 0.5047984644913628, 0.5067178502879078, 0.5047984644913628, 0.5047984644913628, 0.5067178502879078, 0.5067178502879078, 0.5067178502879078, 0.5067178502879078, 0.5067178502879078, 0.5067178502879078, 0.5067178502879078, 0.5067178502879078, 0.5067178502879078, 0.5067178502879078, 0.5067178502879078, 0.5067178502879078, 0.5067178502879078, 0.5067178502879078, 0.5067178502879078, 0.5067178502879078, 0.5067178502879078, 0.5067178502879078, 0.5067178502879078, 0.5067178502879078, 0.5067178502879078], "acum_time": [0, 27.36779284477234, 50.519031286239624, 66.55650091171265, 83.9462468624115, 100.94617557525635, 116.26421236991882, 132.07911729812622, 147.60144901275635, 163.28794836997986, 180.4071123600006, 198.43362474441528, 214.61161160469055, 231.21499514579773, 250.57767343521118, 265.80478501319885, 280.51125025749207, 296.19632720947266, 310.9899823665619, 327.3065049648285, 342.9008686542511, 358.2611017227173, 373.7150938510895, 388.99484491348267, 404.6052243709564, 419.9389998912811, 436.12028074264526, 451.15730905532837, 467.0323760509491, 482.4584250450134, 498.56933665275574, 514.4784803390503, 529.7930853366852, 545.3059947490692, 562.1122598648071, 577.4634704589844, 593.0371255874634, 607.9631576538086, 623.2622649669647, 638.3838708400726, 653.9374904632568, 669.7796342372894, 686.2927577495575, 701.6797137260437, 717.2657282352448, 733.4341096878052, 762.0979852676392, 786.7478363513947, 810.5874147415161, 833.6557307243347]}