{"train_loss": [0.4736900717020035, 0.20387276460727055, 0.14829693821569284, 0.09657430096218983, 0.07555970487495263, 0.0664234152684609, 0.05385756315663457, 0.050483033355946345, 0.047769478910292186, 0.05034032079856843, 0.03775968144958218, 0.028734028385952116, 0.028086150825644533, 0.015412252691263954, 0.011741276180449253, 0.0343619712550814, 0.021871881526506817, 0.012247349785563225, 0.010949038070005674, 0.006944685622390049, 0.007380274446162124, 0.01779750685612574, 0.024978876253589986, 0.01611954629139897, 0.01680317327263765, 0.010195605035793658, 0.006265586190662967, 0.0022177249930488566, 0.0014642586198533535, 0.002977170386778501, 0.0030813035808629746, 0.0006317112529056128, 0.0031081536773854166, 0.002321140455448282, 0.0013961818150467784, 0.0018589511928439606, 0.0006486353848837704, 0.0018940715835389218, 0.0020495264182803417, 0.0003465684735904991, 0.00048236763116923004, 0.0004731311350648563, 0.0006997624061417203, 0.0014567726447846023, 0.00030928494670661165, 0.00044333030812898264, 0.00033557957097703667, 0.0005483136509913795, 0.0006658130346295366, 0.00022883335374596452], "dev_loss": [0.510712418705225, 0.1437422235806783, 0.15090874706705412, 0.06453446516146262, 0.06737258999298017, 0.18634840287268162, 0.08216651071173449, 0.05572949869868656, 0.05591072731961807, 0.3624631982917587, 0.038510616247852646, 0.033040803391486406, 0.28462633354744565, 0.01954402916211014, 0.04305773404242549, 0.1782961847105374, 0.024062278418568894, 0.03011309060821077, 0.14862833255150085, 0.011094498627547486, 0.10365467214675543, 0.035570753631570064, 0.053159960390379034, 0.064732869437042, 0.04449717503545495, 0.012905475096583055, 0.018275147752622917, 0.02319871974759735, 0.03916044543060101, 0.02493522851182206, 0.018707383814520046, 0.014756290736083125, 0.014312246596394592, 0.016333556425100444, 0.01566602393662227, 0.01738098519702665, 0.01833967559832672, 0.014674363624484007, 0.012180420203397565, 0.014454355042744282, 0.014566183578153868, 0.023354027963705448, 0.021409272662519168, 0.023777770220931416, 0.015210998856370376, 0.014606372115849808, 0.017230008534170338, 0.015702899283420873, 0.019953456070046133, 0.02234353455848274], "train_acc": [0.8066166439290586, 0.9208731241473397, 0.9594133697135061, 0.9696452933151433, 0.9764665757162346, 0.9771487039563438, 0.9815825375170532, 0.9843110504774898, 0.9843110504774898, 0.9853342428376535, 0.9877216916780355, 0.9907912687585266, 0.9911323328785812, 0.9965893587994543, 0.9965893587994543, 0.9894270122783083, 0.9914733969986358, 0.9962482946793997, 0.9972714870395635, 0.9972714870395635, 0.9979536152796725, 0.9962482946793997, 0.9935197817189632, 0.9948840381991815, 0.9955661664392906, 0.9955661664392906, 0.9989768076398363, 0.9993178717598908, 0.9993178717598908, 0.9986357435197817, 0.9989768076398363, 1.0, 0.9979536152796725, 0.9986357435197817, 0.9996589358799455, 0.9993178717598908, 1.0, 0.9993178717598908, 0.9993178717598908, 1.0, 1.0, 1.0, 0.9996589358799455, 0.9993178717598908, 1.0, 1.0, 1.0, 0.9996589358799455, 1.0, 1.0], "dev_acc": [0.800383877159309, 0.944337811900192, 0.9596928982725528, 0.9846449136276392, 0.980806142034549, 0.9328214971209213, 0.980806142034549, 0.982725527831094, 0.9846449136276392, 0.9558541266794626, 0.9884836852207294, 0.9904030710172744, 0.963531669865643, 0.9942418426103646, 0.9884836852207294, 0.9328214971209213, 0.9904030710172744, 0.9923224568138196, 0.9769673704414588, 0.9980806142034548, 0.9769673704414588, 0.9884836852207294, 0.980806142034549, 0.9769673704414588, 0.9865642994241842, 0.9961612284069098, 0.9961612284069098, 0.9904030710172744, 0.9904030710172744, 0.9884836852207294, 0.9961612284069098, 0.9961612284069098, 0.9980806142034548, 0.9980806142034548, 0.9980806142034548, 0.9961612284069098, 0.9961612284069098, 0.9980806142034548, 0.9980806142034548, 0.9980806142034548, 0.9961612284069098, 0.9942418426103646, 0.9942418426103646, 0.9942418426103646, 0.9980806142034548, 0.9980806142034548, 0.9980806142034548, 0.9980806142034548, 0.9961612284069098, 0.9942418426103646], "acum_time": [0, 95.85892748832703, 161.70796465873718, 225.03291702270508, 286.0180597305298, 347.41308403015137, 389.1884038448334, 455.5803141593933, 525.254711151123, 572.6932473182678, 645.5456483364105, 696.8262584209442, 763.3953189849854, 823.6340250968933, 893.8707993030548, 949.5847434997559, 1008.0116770267487, 1068.923036813736, 1131.8478922843933, 1175.5016491413116, 1245.4220170974731, 1309.0674159526825, 1367.9455726146698, 1423.8644783496857, 1487.7853937149048, 1535.63303565979, 1604.6384346485138, 1670.224235534668, 1728.8930842876434, 1783.8900434970856, 1847.4041676521301, 1903.9651477336884, 1949.6579370498657, 1990.8074753284454, 2013.7880954742432, 2033.768485546112, 2054.6261479854584, 2075.9851620197296, 2101.463132381439, 2122.2734944820404, 2145.547547340393, 2167.8587069511414, 2190.5189785957336, 2216.4075829982758, 2240.1908168792725, 2263.592870950699, 2285.378545999527, 2309.106221675873, 2331.448999404907, 2350.7293496131897]}