{"train_loss": [0.4176912317673365, 0.19874865549306076, 0.14405713602900505, 0.14942507048447926, 0.10652094098428885, 0.09947481006383896, 0.07423592936247587, 0.0511469812442859, 0.062108760699629784, 0.07145647915701071, 0.04657896060186128, 0.04729418170948823, 0.027974231655146772, 0.034930763180212425, 0.016674911568406968, 0.018543360095160704, 0.015006697841454298, 0.012442731120002767, 0.011509254106204025, 0.008881490687296415, 0.008942307156151704, 0.008526735243018871, 0.008724426456804697, 0.004459460407694375, 0.005289188590298485, 0.006201742653502151, 0.006813407707765388, 0.009468387624171253, 0.007017665869595172, 0.004301565018977271, 0.004373303935183989, 0.0035482251737751842, 0.004900467646075412, 0.0031840093249532703, 0.005974088799848687, 0.004172841569622203, 0.0022887999080315542, 0.0053248207989781806, 0.0036983418786500502, 0.0022239908221915053, 0.0022651616702811833, 0.0026433306775288656, 0.002257086376387936, 0.00284568779655577, 0.0015156909785825215, 0.00283236370087252, 0.002717314143956173, 0.0007827923817937213, 0.0036761662495943407, 0.0016165686278933815], "dev_loss": [0.6058659789462885, 0.18166307856639227, 0.12186970685919125, 0.16121567661563554, 0.08804477906475465, 0.06427501103219886, 0.04074533640717467, 0.06911028843993942, 0.04411386543263992, 0.044596292078495026, 0.0452622938901186, 0.26000284620871145, 0.09553481871262193, 0.05726543231867254, 0.1453845828267125, 0.08031395333819091, 0.05991496293184658, 0.053756761970968604, 0.1591268670890713, 0.05069105499812091, 0.040154689355404116, 0.05558133072918281, 0.05117324719806978, 0.04624615333341353, 0.036031183022714686, 0.03904701858603706, 0.02997322726544856, 0.047567753904634934, 0.022868670273358777, 0.04845429400787301, 0.047759943545315764, 0.038320094306982355, 0.023394072059242415, 0.08802289614080412, 0.026885617576529814, 0.046230370762107974, 0.0483384520036149, 0.054872870965482434, 0.05172244448961768, 0.03623137886908504, 0.037037824922663276, 0.02831774216993684, 0.059576206168761324, 0.04852123802750915, 0.033800516434363694, 0.04460059186537061, 0.0417728776480241, 0.05069875576221724, 0.06507345516123071, 0.035139263808863085], "train_acc": [0.8168485675306958, 0.9205320600272852, 0.9532742155525239, 0.9542974079126876, 0.9679399727148704, 0.9652114597544338, 0.9761255115961801, 0.9843110504774898, 0.9805593451568895, 0.9781718963165075, 0.9870395634379263, 0.9846521145975443, 0.9911323328785812, 0.9884038199181446, 0.9945429740791268, 0.9935197817189632, 0.9938608458390177, 0.9959072305593452, 0.9962482946793997, 0.9972714870395635, 0.9969304229195088, 0.9969304229195088, 0.9979536152796725, 0.9982946793997272, 0.9986357435197817, 0.9979536152796725, 0.9972714870395635, 0.9959072305593452, 0.9969304229195088, 0.9986357435197817, 0.9982946793997272, 0.9982946793997272, 0.9986357435197817, 0.9989768076398363, 0.9986357435197817, 0.9989768076398363, 1.0, 0.9993178717598908, 0.9986357435197817, 0.9993178717598908, 0.9989768076398363, 0.9993178717598908, 0.9993178717598908, 0.9982946793997272, 1.0, 0.9989768076398363, 0.9989768076398363, 1.0, 0.9986357435197817, 0.9996589358799455], "dev_acc": [0.746641074856046, 0.9558541266794626, 0.963531669865643, 0.946257197696737, 0.9712092130518234, 0.980806142034549, 0.9865642994241842, 0.980806142034549, 0.9846449136276392, 0.9865642994241842, 0.9846449136276392, 0.9539347408829175, 0.9788867562380038, 0.9846449136276392, 0.9731285988483686, 0.980806142034549, 0.9865642994241842, 0.9904030710172744, 0.9731285988483686, 0.9904030710172744, 0.9884836852207294, 0.9884836852207294, 0.9904030710172744, 0.9884836852207294, 0.9904030710172744, 0.9904030710172744, 0.9923224568138196, 0.9884836852207294, 0.9884836852207294, 0.9884836852207294, 0.9865642994241842, 0.9865642994241842, 0.9942418426103646, 0.9788867562380038, 0.9904030710172744, 0.9865642994241842, 0.9865642994241842, 0.9884836852207294, 0.9884836852207294, 0.9904030710172744, 0.9884836852207294, 0.9904030710172744, 0.9884836852207294, 0.9865642994241842, 0.9904030710172744, 0.9865642994241842, 0.9904030710172744, 0.9884836852207294, 0.9884836852207294, 0.9884836852207294], "acum_time": [0, 19.481937170028687, 39.26704454421997, 58.795371294021606, 78.57234692573547, 97.660715341568, 117.3120813369751, 136.2608425617218, 155.8741865158081, 175.881445646286, 194.93288779258728, 214.8242223262787, 234.66969299316406, 254.07554054260254, 273.13475918769836, 292.6265456676483, 311.8901529312134, 331.7158622741699, 351.0511145591736, 370.35174918174744, 389.3472054004669, 409.0469419956207, 428.38345074653625, 447.8680121898651, 467.2637937068939, 486.71433210372925, 505.9044256210327, 524.9924566745758, 544.6166851520538, 563.273405790329, 582.735729932785, 602.6545898914337, 622.0561249256134, 641.2939178943634, 660.4162969589233, 679.2489922046661, 698.811993598938, 718.8508791923523, 737.9618942737579, 756.835910320282, 775.8167524337769, 794.8534271717072, 814.3445134162903, 834.0573253631592, 853.4883062839508, 873.1450004577637, 892.7273426055908, 912.3385784626007, 936.2238037586212, 956.1686551570892]}