{"train_loss": [0.4253454173604647, 0.20248377521832783, 0.14991187453269958, 0.09303913321346044, 0.07574559414448838, 0.05604700731734435, 0.04118572686177989, 0.05039494295294086, 0.0829640111575524, 0.04248392907126496, 0.029878407608096798, 0.029089162463787944, 0.019025898744196943, 0.016089463691848018, 0.013151160468502591, 0.012544548811274581, 0.010807163340117162, 0.016154953430911216, 0.010484879494470078, 0.02042767944027825, 0.01796624323275561, 0.015197410944771643, 0.01562940072811519, 0.012794272931447874, 0.006495061058861514, 0.0036090447863292257, 0.004606537224996525, 0.006057053219410591], "dev_loss": [0.7035258505493402, 0.33756529291470844, 0.2613671987007062, 0.10308111179620028, 0.06962487769002716, 0.09904900488133232, 0.10749171231873333, 0.12753358238842338, 0.13267443738489723, 0.19693196116713807, 0.1058274785367151, 0.04924369688766698, 0.041347184063245855, 0.04469393718560847, 0.057891987768622734, 0.05046176570855702, 0.06158951157703996, 0.025700047001009807, 0.03924870409537107, 0.09876709665210608, 0.07099858100991696, 0.03537537780357525, 0.027370852750512615, 0.04836343312247967, 0.039985425071790814, 0.045052119627750166, 0.03965753846568987, 0.04585236276034266], "train_acc": [0.8311732605729877, 0.927694406548431, 0.9573669849931787, 0.9689631650750341, 0.9747612551159618, 0.9819236016371078, 0.9866984993178718, 0.982605729877217, 0.9853342428376535, 0.9863574351978172, 0.9921555252387448, 0.9914733969986358, 0.992837653478854, 0.9948840381991815, 0.9945429740791268, 0.9962482946793997, 0.9969304229195088, 0.9969304229195088, 0.9965893587994543, 0.995225102319236, 0.995225102319236, 0.9962482946793997, 0.9942019099590723, 0.9969304229195088, 0.9982946793997272, 0.9986357435197817, 0.9986357435197817, 0.9972714870395635], "dev_acc": [0.7389635316698656, 0.9136276391554703, 0.944337811900192, 0.9731285988483686, 0.980806142034549, 0.9788867562380038, 0.9673704414587332, 0.9712092130518234, 0.9673704414587332, 0.9366602687140115, 0.9788867562380038, 0.9865642994241842, 0.9846449136276392, 0.9884836852207294, 0.9846449136276392, 0.9865642994241842, 0.9865642994241842, 0.9904030710172744, 0.9865642994241842, 0.9692898272552783, 0.9731285988483686, 0.9865642994241842, 0.9884836852207294, 0.980806142034549, 0.9904030710172744, 0.9884836852207294, 0.9865642994241842, 0.9904030710172744], "acum_time": [27.261805772781372, 52.36546778678894, 101.1386616230011, 203.0188443660736, 402.54480171203613, 809.4666700363159, 1620.8428363800049, 3236.7346844673157, 6485.699797868729, 12958.70346212387, 25920.328984975815, 51837.59056997299, 103674.92740821838, 207351.49788975716, 414701.75681495667, 829404.0798304081, 1658809.9512250423, 3317616.9002685547, 6635233.328529835, 13270466.645462751, 26540934.16622877, 53081870.16886258, 106163737.37022805, 212327475.00465274, 424654950.4856603, 849309901.5404427, 1698619801.7687118, 3397239604.3246155]}