{"train_loss": [38465543.04635417, 4388784869.408334, 2569216734.6875, 933533229.7229167, 783009699.5604167, 319423687.73333335, 197492599.4875, 124608088.71666667, 309856851.68125, 594816301.6875, 1196207256.3375, 1421121077.71875, 1410329669.2135417, 2692372593.65, 3476589416.222396, 2537756576.68125, 2362410436.865625, 1902560553.1364584, 1541412136.0375, 514136357.821875, 37837623.96145833, 6036521.369270833, 2860963.0145833334, 2879909.2708333335, 2683221.659375, 2612314.2546875, 2564337.416145833, 2533136.6322916667, 2489763.06875, 2453812.377083333, 2416969.171875, 2374125.120833333, 2360151.2958333334, 2342788.892708333, 2315806.9604166667, 2297608.5520833335, 2285570.716666667, 2260392.3833333333, 2245336.441666667, 2238723.2197916666, 2224884.392708333, 2216972.8828125, 2454413.803125, 2201559.46875, 2188008.378125, 2182484.433854167, 2178726.41875, 2174280.7119791666, 2165748.9848958333, 2159849.3645833335], "dev_loss": [436378828.825, 43069184.6, 134140052.1625, 81926074.61875, 62269945.16875, 79279550.19375, 57195486.2, 41263438.3, 89390778.2875, 27925616.2125, 51799133.95, 59708265.16875, 25875416.8375, 61646054.525, 38720422.2875, 155075697.2, 54810043.025, 47773627.33125, 49358434.25625, 35123152.375, 43892903.221875, 43673983.434375, 43021106.159375, 43062062.196875, 42750678.065625, 42586196.99375, 42342199.2375, 42214384.146875, 42067550.628125, 41932491.940625, 41821551.06875, 41758220.8125, 41712507.15, 41608930.146875, 41532492.184375, 41480404.475, 41429951.5375, 41379314.328125, 41336656.515625, 41288200.534375, 41246247.425, 41236790.196875, 41190887.0625, 41167113.93125, 41146777.346875, 41129449.33125, 41108656.909375, 41090834.14375, 41053749.946875, 41039198.509375], "train_acc": [], "dev_acc": [], "train_mse": [44691548.300401606, 5287686562.46747, 3094345489.9405622, 1124719719.8522089, 943320301.8008032, 384750289.1180723, 237933207.0746988, 150127797.3759036, 373241174.2506024, 716644118.6248996, 1419106954.3630521, 1712175425.071486, 1699132605.9534137, 3243815739.3799195, 4188638768.886747, 3001216208.671486, 2846202735.2, 2292233087.354217, 1844689061.611245, 619436775.0064257, 45584022.72289157, 7249744.971084338, 3440749.383935743, 3458479.6192771085, 3228356.2891566264, 3139523.9116465864, 3087140.3951807227, 3043193.203212851, 2995122.350200803, 2950499.1277108435, 2908414.178313253, 2857996.285943775, 2836366.62248996, 2811776.730120482, 2787387.1477911645, 2763451.909236948, 2746045.809638554, 2715470.1325301207, 2703213.934136546, 2691102.8538152613, 2677683.0819277107, 2665531.459437751, 2651065.865060241, 2645106.189558233, 2633886.558232932, 2626987.2618473894, 2620064.9389558234, 2612849.5646586344, 2605874.1437751004, 2598654.6401606426], "train_mae": [1056.0528928212852, 5357.774006965362, 3845.1056271962852, 2460.5854574548193, 1921.1566829819278, 1533.0701493473896, 1414.1241120732932, 1260.887608245482, 1535.3706905747993, 1870.0270739206828, 2473.8422596636547, 2560.2153347766066, 2626.062619226908, 2839.62655936245, 3159.572684487952, 3054.8670282693274, 3143.6004855358938, 2832.576691923946, 2324.1103821536144, 1357.495319559488, 778.5177593185241, 598.4432770143072, 528.2846856174699, 528.4018111508534, 513.7102707705824, 508.95004549447793, 505.3434574234438, 502.9443798632028, 500.9091137989458, 498.80902594754014, 497.360484123996, 495.0537093687249, 494.1079615336345, 493.26429938504015, 492.134577371988, 491.1015585780622, 490.3831748870482, 489.34319308483936, 488.8116897276606, 488.1396421623996, 487.56464294678716, 487.0920141503514, 486.45763209086346, 485.94640907379517, 485.60471652233934, 485.3295384663655, 485.0331733182731, 484.7356017821285, 484.4820485065261, 484.1403026167169], "train_rmse": [456.34480876007405, 4315.164812008504, 2941.6501504854855, 1669.8499910836083, 1287.8319495031583, 796.6224249602064, 740.029371847323, 703.0909983918972, 855.8829098745038, 1248.230818789183, 1804.1417816939502, 1875.9523297326934, 1741.2341984256548, 2199.9433183572505, 2569.4969594019767, 2455.019528300277, 2506.2079393866215, 2167.559392251368, 1775.661898997817, 899.6445808605619, 367.4229044078831, 195.99225281757498, 148.71473802564742, 150.99484238440164, 141.20836513068545, 139.5422253347577, 139.62356841100944, 139.97403957233288, 137.7945424073221, 136.03101880769518, 136.9802074257451, 138.37726033121538, 134.575909232031, 135.49640059229097, 131.97716411276156, 132.90244968008173, 133.446376412588, 134.9244481780828, 133.13499211639643, 133.63471660572776, 135.2010131633005, 132.53822132990302, 130.99724758046904, 131.45282669196348, 132.7670398004399, 129.86806293852553, 132.4832622722221, 130.1947027330914, 130.8745415568266, 129.25128290309158], "dev_mse": [437958558.7047619, 50848933.71428572, 135283865.16190475, 82614960.67619048, 64379660.51428571, 79976855.06666666, 58482313.15238095, 42911064.333333336, 90134224.47619048, 30577581.133333333, 53325930.02857143, 60489028.67619047, 29020142.85714286, 62860356.942857146, 45011775.733333334, 156941610.05714285, 57486250.60952381, 51093892.3047619, 50497616.76190476, 36731496.67619047, 45724230.442857146, 45460959.99047619, 44814666.18095238, 44921040.166666664, 44627309.047619045, 44483262.45714286, 44226746.28095238, 44124536.23809524, 43982079.114285715, 43873412.01904762, 43793537.58571429, 43725231.20952381, 43698976.74761905, 43603541.385714285, 43524992.42380952, 43481769.75238095, 43459766.09047619, 43414030.53333333, 43375098.504761904, 43322444.733333334, 43289046.8047619, 43292142.74285714, 43240797.995238096, 43227014.93809524, 43208174.82380953, 43194264.9047619, 43174807.23809524, 43160964.004761904, 43127803.395238094, 43113748.11904762], "dev_mae": [2088.7417410714284, 1372.4910621279762, 1465.131017485119, 1225.9556826636904, 1154.003478422619, 1172.810044642857, 1124.321800595238, 1117.5424339657739, 1241.8642671130951, 1085.4070033482142, 1148.8990094866072, 1170.4418154761904, 1148.432166108631, 1152.3143415178572, 1147.5514834449405, 1565.608872767857, 1279.2263764880952, 1128.5393973214286, 1144.5525390625, 1032.122228422619, 1062.0274995349703, 1061.652573939732, 1060.509763299851, 1061.5862281436011, 1058.7069777715774, 1058.2637183779761, 1056.3400251116072, 1056.1569149925595, 1055.1689639136905, 1054.8369652157737, 1054.9763904389881, 1054.172398158482, 1054.2793550037202, 1053.8121303013393, 1053.0978957403274, 1052.7728166852678, 1053.181847563244, 1052.9306640625, 1052.6705984933035, 1052.1657133556548, 1052.116431826637, 1052.3005952380952, 1051.7301734561013, 1051.84033203125, 1051.696498325893, 1051.6468912760417, 1051.4901715959822, 1051.402662295387, 1051.2892275855654, 1051.1811476934524], "dev_rmse": [1258.8538941172076, 570.2633576107544, 766.5328172919147, 617.267517928125, 607.3953754486566, 597.9093632198002, 569.7703794254409, 524.8509261140874, 634.2922894906262, 476.64854628759844, 554.3952295424689, 549.4066410985241, 478.99967879429016, 568.349342280458, 537.4365545456656, 849.1724420741386, 611.2395117752948, 578.3840917791356, 536.4659467384673, 487.07149224881084, 528.1691928623655, 526.3029110438262, 523.902886727345, 525.6026382926177, 524.6633155920575, 524.4155131213921, 523.0044131110634, 523.0401146561383, 522.4404098196725, 522.4714398657549, 522.6537693167859, 522.245521895603, 522.4694989635535, 522.1764752002451, 521.7545517269944, 521.6890918717633, 522.0971423607971, 521.969748385782, 521.8490672758307, 521.5229216266998, 521.5193447203704, 521.7393258643214, 521.3919693821852, 521.5021544225525, 521.43583987036, 521.4270900246769, 521.3579642223519, 521.3493775047108, 521.2674045082475, 521.2067500907783],