{"train_loss": [1.2915782531102498, 0.8191187520821889, 0.7385060469309489, 0.6978619396686554, 0.6529602110385895, 0.6501391192277273, 0.6038520832856497, 0.6343210736910502, 0.5934574594100316, 0.6135997325181961, 0.5959072669347127, 0.5569157332181931, 0.5691394706567129, 0.5461886127789816, 0.5672333588202795, 0.5642244388659795, 0.5506992916266124, 0.552525403102239, 0.549334254860878, 0.528898494442304, 0.5536250859498978, 0.5313087344169617, 0.5171252777179082, 0.4869921624660492, 0.4692579656839371, 0.4807679106791814, 0.4833064486583074, 0.4909685134887695, 0.48287572264671325, 0.4758432000875473, 0.448342756430308, 0.45661117136478424, 0.46913472612698875, 0.45136148234208423, 0.4479763199885686, 0.44868346154689787, 0.4577649821837743, 0.43841399202744163, 0.4389510254065196, 0.42115324089924494, 0.4345242480436961, 0.42964557856321334, 0.42635035812854766, 0.4200329447786013, 0.41120831767717997, 0.4400663723548253, 0.4166066855192184, 0.4175960232814153, 0.4294486199816068, 0.4051629021763802], "dev_loss": [1.0260324954986573, 0.8074763536453247, 0.7407590389251709, 0.8125059008598328, 0.7335045099258423, 0.7253490388393402, 0.7266728520393372, 0.7275868058204651, 0.8069146156311036, 0.8922419786453247, 0.6943690419197083, 0.6971821784973145, 0.6464088201522827, 0.7384543538093566, 0.6936851024627686, 0.6387657642364502, 0.7375769913196564, 0.7493529319763184, 0.8174801230430603, 0.6827431201934815, 0.6831543922424317, 0.752628755569458, 0.6959038555622101, 0.7482356548309326, 0.7253795981407165, 0.7652047514915467, 0.762982964515686, 0.7319824457168579, 0.70958371758461, 0.7111081898212432, 0.680954885482788, 0.6862592995166779, 0.662006676197052, 0.671403431892395, 0.6987769842147827, 0.6800511121749878, 0.713884037733078, 0.7012297987937928, 0.6694299042224884, 0.6711900651454925, 0.7067931354045868, 0.690179830789566, 0.7225964605808258, 0.7039073646068573, 0.7072677493095398, 0.6895906567573548, 0.6885871052742004, 0.7062188148498535, 0.6830204427242279, 0.738955819606781], "train_acc": [], "dev_acc": [], "train_mse": [1.5496430393203675, 0.9794027979594158, 0.8868567378645441, 0.8371748560403725, 0.7823308814481559, 0.7777169622091883, 0.723104847674389, 0.7615389199620749, 0.7106886162815323, 0.7356724428843303, 0.7139946765210256, 0.6671636527800656, 0.6820586269639103, 0.6536320268868443, 0.6802840221359069, 0.6764418437299, 0.6585503880757405, 0.662600023200713, 0.6586258669933641, 0.6343831977691038, 0.6621271317263684, 0.6359797650072948, 0.6189726726118341, 0.5836859722214052, 0.5616603054674754, 0.5753936323296114, 0.5796181506421193, 0.5883510045737148, 0.5793587167579007, 0.5684826885361269, 0.5371832583324019, 0.5471227239892186, 0.5632045454768292, 0.5413391787364301, 0.5364584084016731, 0.5375568512453133, 0.548809906373541, 0.5251609848206302, 0.5261753105255494, 0.5046443808988395, 0.5208509537110846, 0.5156758909723366, 0.5104930249562704, 0.5021687611039862, 0.49209968459654047, 0.527014263566718, 0.49956021442949533, 0.49700795292375555, 0.5153188291802464, 0.4846547781702984], "train_mae": [0.9715630803242266, 0.8113253597274842, 0.7747150313902093, 0.74399629922277, 0.727041195482614, 0.7208402825167859, 0.695950375599076, 0.7051837216419389, 0.6905448607172832, 0.6946121200500243, 0.6806425546546537, 0.6667083464473127, 0.6736673868324862, 0.6563113614737269, 0.6655503223220028, 0.6610761895237198, 0.6572404486108496, 0.6644531678961941, 0.6574298506280983, 0.6439756799414454, 0.6538949514488619, 0.6503813027378067, 0.6368039341815505, 0.6104474508139982, 0.6017828592813638, 0.6027025659400297, 0.6125169363366552, 0.6175515615317716, 0.6098079666076415, 0.5986568450927734, 0.5876106783089389, 0.5893613026324046, 0.5969628651936849, 0.5816260219099052, 0.5809861286576972, 0.5829870783181554, 0.5830285482138515, 0.5719971070806664, 0.5739383452388657, 0.5617891472506236, 0.5744456555469927, 0.5671927992119846, 0.5628742034176746, 0.5634266083499035, 0.557162438817771, 0.569105025754875, 0.5617080136954066, 0.5578352120027963, 0.5657123887395284, 0.5541915893554688], "train_rmse": [0.1319980336322701, 0.10821552748174718, 0.10272057311540013, 0.0995937278195091, 0.09639583074557588, 0.09604136440536061, 0.09261374321360953, 0.09516823831478043, 0.09199096633257986, 0.0934363219023391, 0.09209250788239974, 0.08901506868834456, 0.08997073043421473, 0.08809468181722148, 0.08961448208618057, 0.08944892516325115, 0.0885218178879445, 0.08876841972151367, 0.08868380443076931, 0.08703468921618972, 0.08855625506460407, 0.08692369987338038, 0.08561235865127013, 0.08349806896220494, 0.08194518425000066, 0.08276749467597934, 0.08292749297304985, 0.0836585560559026, 0.082959725536374, 0.08204211617999443, 0.08003248434249181, 0.08069027323024958, 0.08185486350903459, 0.08029203961731783, 0.07973802443188559, 0.08014092417371955, 0.08061103556344937, 0.07925056973610306, 0.07873046778310289, 0.07726663253622203, 0.07861294859880727, 0.07805185347747308, 0.07793815303858521, 0.0773848428756964, 0.07656922864593123, 0.07888321373259585, 0.07695508120680174, 0.07669622388965278, 0.07826017188114717, 0.07574182250693054], "dev_mse": [1.185415540422712, 0.9340817042759486, 0.8554074605305989, 0.9389261245727539, 0.849458730788458, 0.8406036740257626, 0.8399407068888346, 0.8419860930669876, 0.9325491678147089, 1.0307398841494606, 0.8043347313290551, 0.8072887602306548, 0.749096797761463, 0.8536818822224935, 0.8036421003795805, 0.7405168987455822, 0.85229066212972, 0.8666755857921782, 0.9437204996744791, 0.7898984909057617, 0.790495827084496, 0.8704186484927223, 0.8047069549560547, 0.8649979818434942, 0.8386428378877185, 0.883466302780878, 0.8812787283034552, 0.8450041362217494, 0.8196331205822173, 0.8216194697788783, 0.7866532461983817, 0.7931132634480794, 0.7650801159086682, 0.7752451124645415, 0.8068358466738746, 0.7851018179030645, 0.8238384337652297, 0.8094379152570452, 0.7726548876081194, 0.7747474852062407, 0.8153671537126813, 0.7966032209850493, 0.8337756020682199, 0.8122502099900019, 0.8160119283766973, 0.7959009533836728, 0.7947199776059105, 0.8147987365722656, 0.788388288588751, 0.8525586718604679], "dev_mae": [0.8579699743361701, 0.7678573245093936, 0.7360990615118117, 0.7936288197835286, 0.7415711902436756, 0.740452139718192, 0.7434268497285389, 0.7363165355864025, 0.7915508361089797, 0.8317831584385463, 0.7323455447242373, 0.7301623480660575, 0.6896055948166621, 0.7672250384376162, 0.7246349698021298, 0.6857206798735119, 0.7593618937901088, 0.7733849207560222, 0.8073397772652763, 0.7164742151896158, 0.7252473922002883, 0.7710066295805431, 0.7207641510736374, 0.7709120614188057, 0.7595955984933036, 0.7796535582769485, 0.7830596288045247, 0.7426175344557989, 0.7484195164271763, 0.7496953510102772, 0.7251621064685639, 0.739439918881371, 0.7209834053402855, 0.718242073059082, 0.7381796518961589, 0.7202330543881371, 0.7433226721627372, 0.7375712258475168, 0.7036769049508231, 0.7174374080839612, 0.7375614438738142, 0.7310829435076033, 0.7575692767188662, 0.7418978918166388, 0.7466487248738607, 0.7297021320887974, 0.7334843680972145, 0.7404474712553478, 0.7242902937389556, 0.7662543160574776],