{"train_loss": [0.8986534843842189, 0.6601197352011998, 0.5481881022453308, 0.4693740169207255, 0.4960302899281184, 0.44018869499365487, 0.42052301168441775, 0.40525503357251486, 0.38915718297163643, 0.36616279085477194, 0.35402997384468715, 0.37803967396418253, 0.3615291620294253, 0.3764744833111763, 0.3513374780615171, 0.34406637102365495, 0.31047393480936686, 0.3034928833444913, 0.3005897760391235, 0.2949422607819239, 0.30189644743998845, 0.2928234095374743, 0.2827656591931979, 0.273744568725427, 0.2822521895170212, 0.27060343474149706, 0.27172989894946414, 0.26395828525225323, 0.2564824784795443, 0.257864178220431, 0.25345284591118494, 0.2591490298509598, 0.2513545095920563, 0.24542781362930935, 0.24184253762165706, 0.24672096620003384, 0.25086884051561353, 0.2394254003961881, 0.23138407816489537, 0.23839831153551738, 0.23646821081638336, 0.23226331075032552, 0.2270018935203552, 0.22180847624937694, 0.2247766082485517, 0.22459350228309632, 0.22302023867766063, 0.2242572695016861, 0.2283414031068484, 0.22458711365858713], "dev_loss": [0.9168834567070008, 0.6559990048408508, 0.581779170036316, 0.5544553935527802, 0.5642680168151856, 0.5443776726722718, 0.5506021916866303, 0.527002215385437, 0.5825175821781159, 0.4726936280727386, 0.5374427556991577, 0.486632889509201, 0.6594875276088714, 0.5977667033672333, 0.5103015959262848, 0.5033320248126983, 0.500630909204483, 0.46172961592674255, 0.5120228052139282, 0.5183456659317016, 0.502146714925766, 0.5158206701278687, 0.5205649495124817, 0.4993363797664642, 0.5193224847316742, 0.45160660743713377, 0.4997760593891144, 0.5396313667297363, 0.49003745913505553, 0.5584323823451995, 0.5153015196323395, 0.4990499496459961, 0.5039220511913299, 0.4961719632148743, 0.5054488599300384, 0.4918230712413788, 0.48105016350746155, 0.5021196007728577, 0.4681397259235382, 0.47281033396720884, 0.4802099108695984, 0.49298061728477477, 0.4824544906616211, 0.46589820384979247, 0.4655586242675781, 0.47448559403419494, 0.4673672914505005, 0.4900088310241699, 0.5057112097740173, 0.4833199858665466], "train_acc": [], "dev_acc": [], "train_mse": [1.0781249724238753, 0.7915945321201799, 0.6577881518137981, 0.5627706251948713, 0.5939615655615627, 0.5268278933911917, 0.50400908290143, 0.48570045563111824, 0.46631525108613164, 0.4377261694176609, 0.4249637182457859, 0.4529583888839048, 0.4320510879577882, 0.4516371585279105, 0.4215838857443936, 0.4129279171127871, 0.37170331181292554, 0.3640530237711098, 0.3594051721105614, 0.35339781826279726, 0.3611875296596542, 0.3503535910303813, 0.339165633174789, 0.3284515633640519, 0.3375815939233006, 0.32453289874586233, 0.32489787680078225, 0.31566508496142776, 0.3074464445612038, 0.3089770734549526, 0.3040736106504877, 0.3101599145605861, 0.30116868880857905, 0.2939789649473137, 0.2895073473214146, 0.2956454602590048, 0.300772053745377, 0.28665117394014533, 0.2771176303725645, 0.2854467246427115, 0.28253554646748613, 0.278034398641931, 0.2719439177149271, 0.265692916165394, 0.26952392585785034, 0.2681356050881995, 0.2672811990760895, 0.26905060159154687, 0.27370560006444233, 0.26919064387738945], "train_mae": [0.8140769698054915, 0.7109890290532246, 0.653453358110175, 0.6045267541724515, 0.5959007064022692, 0.5835149083271562, 0.5656203181868097, 0.5617198208728469, 0.5525571861420291, 0.533341324281501, 0.5312294404669459, 0.5406478667354967, 0.5288485285747482, 0.5470417834668753, 0.5269285071805778, 0.5222827865416745, 0.4978843413203596, 0.4886907079612395, 0.48363819045714107, 0.48427989300953816, 0.4906994647290333, 0.48525449913668345, 0.4739611254159705, 0.4641011379808786, 0.4692856187322532, 0.4647519720606057, 0.4638437033657089, 0.4583098813711879, 0.4573076631170679, 0.4518627327608775, 0.4496369266127008, 0.4544242345664396, 0.4517107913771786, 0.44377376602356694, 0.44014578440103186, 0.4481136934824258, 0.44715326531345106, 0.43684016461353226, 0.4358517520398979, 0.44006009848721056, 0.43495241188141237, 0.4293654920585663, 0.429822172601539, 0.4237839457500412, 0.4275775465141817, 0.42649552295485654, 0.4234739418489387, 0.42826971490699123, 0.42835497568888836, 0.42396127785066046], "train_rmse": [0.11153681204743303, 0.09681021226366275, 0.08841032569086515, 0.08173605539434135, 0.08323890485124012, 0.0792843313341405, 0.07732112710437852, 0.07610585623061958, 0.07460104542354587, 0.07230795547632785, 0.07112035782704859, 0.07340204108723962, 0.07177576232663149, 0.07331021435702194, 0.0707763699983895, 0.07017817070009254, 0.06672459570696213, 0.06579891113633192, 0.06545468474738199, 0.064980128958188, 0.06570728282402226, 0.06445485642685109, 0.0634958993140484, 0.06249680174023527, 0.06342544313240511, 0.06221430758941275, 0.06205850877853682, 0.061394605219523245, 0.06064575456902611, 0.060598032396949345, 0.06025903372499821, 0.060869713460389975, 0.060030175726301406, 0.05917023615772037, 0.058645168436365296, 0.059233114677711744, 0.059736117726482914, 0.05844627125894244, 0.05752396490063764, 0.058345181695469935, 0.058091761306389496, 0.05754722007739373, 0.05688347216661731, 0.056280688024475375, 0.056688380657727286, 0.0566293359316651, 0.056485671537648906, 0.056627914996645816, 0.05710148655322215, 0.0567160719699083], "dev_mse": [1.0591430119105747, 0.7572214489891416, 0.6731178465343657, 0.6422392981392997, 0.6518047241937547, 0.6286383310953776, 0.6348922184535435, 0.609277107602074, 0.6720246723720006, 0.5462062472388858, 0.6195098059517997, 0.5627096176147461, 0.7614130655924479, 0.6885582515171595, 0.5875141143798828, 0.580889402117048, 0.5778368541172573, 0.5327515465872629, 0.5900194440569196, 0.597448022024972, 0.5784639994303385, 0.5941284088861375, 0.5994466236659459, 0.5750913529168992, 0.5983240763346355, 0.5204926944914319, 0.575565683274042, 0.6208455131167457, 0.5642313548496791, 0.6425559180123466, 0.5936869848342169, 0.5745789119175502, 0.5803012484595889, 0.5718410582769484, 0.5823293867565337, 0.5665388970147995, 0.5546117828005837, 0.5780536197480701, 0.5396277336847215, 0.5450898170471191, 0.5534532047453381, 0.5682951745532808, 0.556356616247268, 0.5373175257728213, 0.5368458293733143, 0.5472884268987747, 0.5390104747953869, 0.5647307577587309, 0.5823328563145229, 0.5570381845746721], "dev_mae": [0.8272167841593424, 0.7047010330926804, 0.6435095650809152, 0.635082499186198, 0.6530916304815383, 0.6367247081938244, 0.6374133064633324, 0.6187669390723819, 0.6547336941673643, 0.5871798560732887, 0.6681703204200381, 0.6010483877999442, 0.6935830979120163, 0.6924037115914481, 0.6427448272705079, 0.6312866483415877, 0.6398131960914248, 0.5986260732014974, 0.6281285603841146, 0.6436702274140857, 0.6230116072155181, 0.63053100222633, 0.6340286890665691, 0.6144907815115792, 0.6312704449608213, 0.5821689333234514, 0.6197652180989583, 0.6576132728939965, 0.6176892598470052, 0.6636369341895694, 0.6263273148309617, 0.61071107955206, 0.6154271262032646, 0.6229616346813384, 0.6222857702346075, 0.6122456868489583, 0.6105521429152716, 0.6228254136585054, 0.5994124276297433, 0.6001294726417178, 0.6054640452067057, 0.617459724062965, 0.6108787173316592, 0.5977196648007348, 0.5969106038411458, 0.6051062447684151, 0.597541009812128, 0.6171218690418062, 0.6241499673752557, 0.6100706917898996],