{"train_loss": [0.45166682203610736, 0.24569211155176163, 0.16436813275019327, 0.11721507205317418, 0.08826143269737562, 0.07015974720319113, 0.058016197631756465, 0.04124483606622865, 0.03414658042602241, 0.04125783278917273, 0.04591717207416271, 0.03882507130814095, 0.03884039367549121, 0.0284154163634715, 0.028338175748164454, 0.03267796422587708, 0.04268858244953056, 0.02501767521413664, 0.02468001198139973, 0.018872692723137637, 0.01285914026472407, 0.009579464315902442, 0.018358712507567057, 0.007246599369682372, 0.010994195446255618, 0.010349084091528009, 0.006035871038329787, 0.010952444799477235, 0.00834793581161648, 0.006778507530301189, 0.006893424547160976, 0.003899254285230806, 0.0026402390644458744, 0.004325225658734174, 0.0020363962299597914, 0.002837592700961977, 0.00446132091601612, 0.0023150325180419412, 0.00234033532566779, 0.0009467456343069595, 0.0019092139281080259], "train_det_loss": [], "train_mag_loss": [], "train_acc": [0.7929740791268759, 0.9051841746248295, 0.9495225102319236, 0.9648703956343793, 0.9699863574351978, 0.9788540245566166, 0.980218281036835, 0.9846521145975443, 0.990450204638472, 0.9887448840381992, 0.9860163710777626, 0.9866984993178718, 0.9887448840381992, 0.9901091405184175, 0.990450204638472, 0.9911323328785812, 0.9866984993178718, 0.9914733969986358, 0.990450204638472, 0.9948840381991815, 0.9962482946793997, 0.9972714870395635, 0.9942019099590723, 0.9982946793997272, 0.9972714870395635, 0.9962482946793997, 0.9986357435197817, 0.9982946793997272, 0.9969304229195088, 0.997612551159618, 0.9979536152796725, 0.9986357435197817, 0.9989768076398363, 0.9989768076398363, 0.9996589358799455, 0.9993178717598908, 0.9986357435197817, 0.9993178717598908, 0.9996589358799455, 1.0, 0.9996589358799455], "dev_acc": [0.6438267614738203, 0.9411764705882353, 0.9541047188106012, 0.8681318681318682, 0.918552036199095, 0.9327731092436975, 0.9812540400775694, 0.9767291531997414, 0.9864253393665159, 0.9857789269553976, 0.9851325145442793, 0.9806076276664512, 0.9831932773109243, 0.9831932773109243, 0.97349709114415, 0.9618616677440207, 0.9786683904330963, 0.9883645765998708, 0.989010989010989, 0.9922430510665805, 0.9928894634776988, 0.9883645765998708, 0.9935358758888171, 0.9935358758888171, 0.9915966386554622, 0.9909502262443439, 0.9883645765998708, 0.9915966386554622, 0.9935358758888171, 0.9935358758888171, 0.9935358758888171, 0.9922430510665805, 0.9941822882999354, 0.9948287007110537, 0.995475113122172, 0.9922430510665805, 0.9928894634776988, 0.9941822882999354, 0.9935358758888171, 0.9922430510665805, 0.9928894634776988], "dev_loss": [0.9453677614219487, 0.15922213112935424, 0.13492074515670538, 0.2958390221465379, 0.3114803317730548, 0.1841619170154445, 0.06238697638036683, 0.09033082070527598, 0.050597739580553025, 0.04985778216359904, 0.04540006424940657, 0.06949687373344204, 0.07250800668043667, 0.05027883689763257, 0.09446069559248826, 0.11703890280659834, 0.083936569179059, 0.047646944170992356, 0.049790278702857904, 0.031116266965909745, 0.027120866428958834, 0.03979258679282793, 0.028907825446367497, 0.03235035694342514, 0.041932875938073266, 0.04208114991160983, 0.054528612309013624, 0.04614128396724482, 0.02822174509128672, 0.030195088764230604, 0.026739360852161553, 0.04147303475394892, 0.03454898501945536, 0.029887413773394655, 0.03744925560931733, 0.05493284397601883, 0.03794829287375023, 0.034898356780786344, 0.039732051123564815, 0.041065300200443744, 0.03221514258439129], "dev_det_loss": [], "dev_mag_loss": []}