{"train_loss": [74170.73718147278, 5894.102607440948, 1231.6899092356364, 820.3083620071411, 1191.0642074584962, 418.86514484087627, 452.5354563872019, 339.0565317153931, 107.0662293513616, 99.22371927897136, 78.02795119285584, 125.395339345932, 796.7329687436421, 3615.75913233757, 450.0763229529063, 127.4931137084961, 108.78334496816, 255.4772117137909, 467.8708788235982, 167.69332458178204, 153.3384451230367], "train_det_loss": [5.047530134518941, 4.020330476760864, 3.577651278177897, 3.28478905359904, 2.877698496977488, 2.5035487274328867, 2.196736188729604, 1.9953519026438395, 1.774725067615509, 1.5630807797114055, 1.3566654562950133, 1.1882485111554464, 1.0611945509910583, 1.0119996031125387, 0.8783802727858225, 0.7941459079583486, 0.7229195892810821, 0.6970613837242127, 0.7669918517271678, 0.6693105638027191, 0.6491636653741201], "train_mag_loss": [74165.68956851959, 5890.082297929128, 1228.1122432072957, 817.0235666275024, 1188.1865131060283, 416.3615984837214, 450.33872033754983, 337.0611771265666, 105.29150481621424, 97.66063820521036, 76.67128571669261, 124.20709058443705, 795.6717862447102, 3614.7471150080364, 449.19794233640033, 126.69896664619446, 108.06042551994324, 254.7801489830017, 467.1038808822632, 167.02401302655537, 152.68928044637045], "dev_loss": [105073.61214021407, 91612.36473749392, 30266.39073252678, 937.2680546343327, 52824.589294765145, 14190.302328558639, 7785.164958259091, 160.21211080625653, 16739.09003985487, 519.8264686930925, 325.4947871416807, 18098.871492829174, 327.15786962769926, 28829.023924095556, 790.3793219290674, 155.14667723700404, 2027.6864662896842, 22392.52649383247, 7037.735647205263, 180.32080870494246, 439.58715918660164], "dev_det_loss": [4.178829168900847, 3.8620114009827375, 3.5807348862290382, 3.0061983093619347, 2.5841863118112087, 2.2375389579683542, 2.0690766256302595, 1.7834956794977188, 1.5165090467780828, 1.3457782659679651, 1.305223222821951, 1.0644314996898174, 0.9732821006327868, 0.8147094268351793, 0.8125516697764397, 0.714920450001955, 0.7184583600610495, 0.6309317946434021, 0.652122251689434, 0.7037910707294941, 0.6260590851306915], "dev_mag_loss": [105069.43607330322, 91608.50261458755, 30262.810275349766, 934.2618644461036, 52822.00634589791, 14188.064694911242, 7783.095835745335, 158.4286138266325, 16737.573553532362, 518.4806920588017, 324.1895645260811, 18097.806468456984, 326.1845845505595, 28828.209486216307, 789.5667992383242, 154.43175813555717, 2026.967967197299, 22391.894973009825, 7037.083736076951, 179.61701431125402, 438.96110421419144]}