{"train_loss": [1829053.11953125, 126340899.5313802, 55388124.18867187, 308276373.2992188, 102160555.56822917, 164856602.78658855, 272338585.98046875, 513559513.50989586, 515531542.4145833, 227492155.05859375, 99233185.31276041, 29327356.178125, 139744437.17884114, 411080681.48854166, 232868914.7824219, 98022893.58440755, 116729829.20390625, 86161666.91901042, 291334088.23216146, 89782907.75953776, 61297452.44505208, 110691082.2328125, 78471819.70039062, 54194979.292382814, 128403279.14319661, 43065662.24661458, 14995682.518196614, 36290326.81735026, 162570786.9225586, 85185992.31458333, 69907315.40807292, 36272701.826432295, 22790006.743684895, 83108593.54257813, 89800887.2298828, 79107602.61380209, 111409318.27174479, 11974890.246223958, 36527801.5218099, 55898329.701822914, 14817261.331315104, 31175022.80683594, 39030005.86692708, 75198222.89319661, 15854410.09485677, 40855222.1015625, 119229657.03691407, 35040505.6031901, 11768606.850097656, 23692366.451839194], "dev_loss": [4882217.3375, 4530441.9890625, 2516370.234765625, 695139.83125, 460007.655078125, 1175576.365625, 4717275.43984375, 610419.2998046875, 2657167.18125, 3079535.571875, 1855031.383203125, 1867184.8864257813, 619259.7025390625, 546883.1568359375, 2552845.074316406, 2856553.137890625, 3646938.8935546875, 4198583.86796875, 2712796.108203125, 2239562.13359375, 1945555.47265625, 1328281.8342773437, 1146840.0005859374, 1106186.07421875, 991959.8400390625, 983126.0038085937, 909270.9908203125, 998497.6467773437, 1233565.4189453125, 1301744.3500976562, 1201020.9185546874, 1180166.5131835938, 1153768.486328125, 1185397.1540039063, 1177236.978125, 1175953.751953125, 1156045.1095703125, 1087464.0327148438, 1072092.962109375, 1040786.4982421875, 1033673.4614257812, 1029655.3426757812, 1033355.155078125, 1033027.7170898437, 1029559.6139648438, 1033637.2825195312, 1021582.012109375, 1015610.8217773438, 1014408.5869140625, 1010718.688671875], "train_acc": [], "dev_acc": [], "train_mse": [2201931.719176707, 152143724.38915664, 66622050.39879518, 371395300.4939759, 123082862.89598393, 172076305.1827309, 328118151.9927711, 618717683.1634538, 621114913.5116466, 274074583.62289155, 119509022.30512048, 35103654.259839356, 166403859.62911648, 494968636.2565261, 280563354.7174699, 118092619.28473896, 140636611.67705822, 103114963.10281125, 351003788.2429719, 107655716.58237952, 73847344.91325301, 132490766.66606426, 94543193.66646586, 65239335.21606426, 153685153.5938755, 51878380.23062249, 18064049.35434237, 43714122.14884538, 195865067.76626506, 102625954.29939759, 84219501.6369478, 43700746.450451806, 27120237.220180724, 100125561.29176708, 108189770.26144579, 95300809.37409638, 134227543.4746486, 14351917.007530121, 40853848.163554214, 67347134.42439759, 17851590.495381527, 37558243.74693775, 47023530.525978915, 90600030.07572791, 19062231.815461848, 49221258.269578315, 143647244.4548193, 42205742.66164659, 14176742.72991968, 28543630.163855422], "train_mae": [268.0740491261923, 1058.7793066798445, 769.3944390844629, 1295.8044470852158, 931.4003463071034, 893.358450599272, 1262.2393629204316, 1503.6425302773594, 1596.0996893825302, 1147.2650841647842, 889.5800730264809, 586.4063990336346, 857.3333096056099, 1088.4272080509538, 850.9420529775351, 628.3517258487074, 673.7043431538655, 674.055025767131, 867.9241726672315, 665.7771717730296, 597.6427006855547, 688.5160456278238, 621.5382841914533, 591.1982053212852, 674.1433434911521, 505.6946245921185, 382.8408881620231, 482.3233949469754, 803.6546451430723, 661.2729443163278, 594.9280471495356, 494.1959127525728, 465.070493889621, 522.5970277594754, 687.099166588228, 547.17810421373, 562.4220575662023, 324.57249701932733, 505.74185295870984, 598.7340065339483, 372.90926224428966, 469.1504282756024, 486.3522125611822, 592.227669859124, 379.6533683562374, 472.3506194700678, 748.5204052538278, 511.56643056601405, 328.292769907756, 371.12477615540286], "train_rmse": [110.442558538471, 786.9368690598533, 557.822702785621, 983.6245156605139, 671.2756533826846, 626.3314423242479, 970.946759321646, 1223.066218128499, 1218.2028946702223, 880.5877977608179, 673.3453012558454, 404.5244720226773, 659.7409757217379, 891.2561481428039, 643.7931109747686, 473.1012694847503, 526.5406195988556, 485.64658088650333, 715.7731011427841, 504.34883345401545, 470.53055426908037, 557.7454818922298, 491.1205526307045, 455.9584427951275, 554.1246923280543, 384.14032263294, 259.813832677971, 326.4590994340286, 669.1897148135824, 467.98361219104913, 468.1207687089894, 358.4759506727116, 334.4313755349938, 407.6705005769579, 546.0182097857156, 428.33274585095256, 452.1432987031951, 199.5961612676564, 391.7519441983999, 452.32833036100595, 256.2526081163602, 282.5290156482519, 359.4363268256966, 472.3419282404166, 256.2060962823363, 364.8300710672483, 642.7789288839504, 403.7776906911073, 219.1916794488942, 248.6574815323889], "dev_mse": [5096543.569047619, 5368565.994047619, 2874625.6023809523, 735508.9613095238, 522419.1869047619, 1245640.980952381, 4810245.676190476, 706725.0232142857, 2999454.4875, 3091497.0148809524, 1869650.1611607142, 1881742.4351190475, 659983.7183035715, 559772.7453869048, 2560406.145684524, 2868805.992559524, 3669578.036309524, 4223137.97827381, 2726555.6598214284, 2249394.3385416665, 1953025.9342261904, 1334165.4208333334, 1153773.934077381, 1112947.830654762, 998013.3040178572, 989104.9988095238, 915019.0608630952, 1004799.8688988095, 1240558.950595238, 1309295.8148809525, 1207683.3845238094, 1186818.259375, 1160110.674404762, 1191840.7413690477, 1183710.2589285714, 1182002.2333333334, 1161951.6733630951, 1093122.8144345237, 1077674.950892857, 1046381.7309523809, 1039399.1025297618, 1035391.4555059524, 1039146.6330357143, 1038746.0016369048, 1035268.4976190476, 1039368.7364583333, 1027262.952827381, 1021261.6880952381, 1020053.446577381, 1016361.609375], "dev_mae": [389.8536353701637, 287.58366117931547, 285.6110770089286, 207.4295642671131, 215.5890392485119, 243.2071742466518, 276.22987118675593, 187.60947963169642, 348.2972632998512, 213.6445556640625, 173.1264346168155, 164.01341901506697, 158.25415504092263, 121.72223714192708, 151.4580310639881, 162.997165062314, 188.0327648344494, 192.01807396298364, 158.74585658482144, 144.88353271484374, 132.68336297898065, 115.14189685639882, 111.507763671875, 109.7544660295759, 105.46611560639882, 104.82308175223214, 102.81249534970237, 105.04385579427084, 112.48903169177828, 114.99075462704613, 110.92776925223214, 110.33246489025298, 109.2282238188244, 110.31316615513393, 109.91901913597471, 109.66708112444196, 108.98373500279018, 106.69854678199405, 106.08391868954612, 104.99993257068452, 104.86766706194196, 104.72399495442708, 104.85114629836309, 104.80157121930803, 104.58226260230654, 104.63809116908482, 104.14588564918155, 103.87354445684524, 103.83704892113096, 103.732470703125], "dev_rmse": [184.18486202624862, 149.68779552940282, 134.9733654581852, 79.04510136002503, 66.8362848424685, 97.72695186222523, 154.75896141563604, 73.00174313450154, 142.45827379607627, 110.3391187582217, 89.12461978622972, 89.22180568800215, 66.03938557197164, 56.31923661335509, 96.32028206440275, 104.2173510640882, 120.8702008145894, 128.60975011297623, 102.9264523246951, 93.11271664681549, 86.08525442239096, 72.44737150757695, 69.38242932853018, 68.30755754205113, 64.78279145604552, 64.47623292493377, 62.32273501445383, 65.1252852173574, 71.31210413144105, 73.26356447187446, 70.28323353145038, 69.83026062758796, 68.92785844060975, 69.7558389545964, 69.54113304818982, 69.13030085418431, 68.54578461948398, 66.69943783654713, 66.27064041355841, 65.53375280610264, 65.48156158620289, 65.39233284827094, 65.53059721947787, 65.44011768106367, 65.33841677238807, 65.43319257954658, 65.0781982462748, 64.89951946004564, 64.86417817287686, 64.77375012325614],