{"train_loss": [0.6047178665796916, 0.4017623613278071, 0.3359825553993384, 0.2779695990184943, 0.2241229166587194, 0.16431534951552748, 0.16123267921308676, 0.1437885142241915, 0.1371951145119965, 0.10887370826676487, 0.10706341009742269, 0.12664993815124034, 0.10527075045586874, 0.10472761679751177, 0.0857107142995422, 0.08592777920809264, 0.08964513974109044, 0.03852922877413221, 0.05241637209934803, 0.24335202840932954, 0.1674691786368688, 0.06946403194839755, 0.06596022380205492, 0.09205229210977753, 0.05390832234018793, 0.08331623068079352, 0.04197930027730763, 0.03652318561216816, 0.029172733505644526, 0.06153883380466141, 0.030087716226747337, 0.022433113066169123, 0.02225491112233916, 0.017407715091637025, 0.023774929410622765, 0.03790007844024027, 0.052219571929890664, 0.05977269498010476, 0.04705004374651859, 0.034710144735193654, 0.057609566576623666, 0.05304536697064274, 0.021734629273608638, 0.016114765344536864, 0.012729126383783295, 0.05224324414424094, 0.015827610292762983, 0.01744825824086244, 0.013861411975339404, 0.02015278104954632, 0.02835455231446152, 0.017789501491764288, 0.014854269949137234, 0.012598510811729587, 0.012965492926741717, 0.009777536142307024, 0.01121690858247651, 0.011381096297009207, 0.01087380765081131, 0.014045466545697612, 0.01814494807513256, 0.01098286583328445, 0.009154171774631929, 0.009153669203078607, 0.008202605087080882, 0.0125861727836309, 0.10943677474667007, 0.01823233201818463, 0.010641300117519374, 0.009057590833011393, 0.009282166800100336, 0.006867876572626604, 0.0464558456304682, 0.0093496538970309, 0.042543387078937185, 0.007368495031247827], "train_acc": [0.7438608458390177, 0.8485675306957708, 0.9017735334242838, 0.9232605729877217, 0.9440654843110505, 0.9614597544338336, 0.9665757162346521, 0.9669167803547067, 0.9689631650750341, 0.9761255115961801, 0.9798772169167803, 0.9768076398362893, 0.9812414733969986, 0.9798772169167803, 0.9832878581173261, 0.9846521145975443, 0.9863574351978172, 0.9884038199181446, 0.985675306957708, 0.9720327421555253, 0.9618008185538881, 0.9788540245566166, 0.9819236016371078, 0.9812414733969986, 0.9853342428376535, 0.9846521145975443, 0.9901091405184175, 0.9901091405184175, 0.9935197817189632, 0.9911323328785812, 0.9911323328785812, 0.9921555252387448, 0.9945429740791268, 0.9955661664392906, 0.9924965893587995, 0.992837653478854, 0.984993178717599, 0.9819236016371078, 0.9901091405184175, 0.9918144611186903, 0.9931787175989086, 0.9931787175989086, 0.9945429740791268, 0.9948840381991815, 0.9962482946793997, 0.9938608458390177, 0.9955661664392906, 0.995225102319236, 0.9965893587994543, 0.9959072305593452, 0.9938608458390177, 0.9962482946793997, 0.995225102319236, 0.9969304229195088, 0.9969304229195088, 0.997612551159618, 0.9979536152796725, 0.9972714870395635, 0.9972714870395635, 0.9965893587994543, 0.9969304229195088, 0.9965893587994543, 0.997612551159618, 0.9982946793997272, 0.9972714870395635, 0.9965893587994543, 0.9901091405184175, 0.9955661664392906, 0.9969304229195088, 0.997612551159618, 0.997612551159618, 0.997612551159618, 0.9972714870395635, 0.9969304229195088, 0.9972714870395635, 0.9982946793997272], "dev_acc": [0.7696737044145874, 0.7408829174664108, 0.8061420345489443, 0.8464491362763915, 0.8963531669865643, 0.8982725527831094, 0.9500959692898272, 0.9328214971209213, 0.9539347408829175, 0.9712092130518234, 0.9596928982725528, 0.9616122840690979, 0.9616122840690979, 0.9616122840690979, 0.9731285988483686, 0.9731285988483686, 0.9692898272552783, 0.9712092130518234, 0.9712092130518234, 0.9769673704414588, 0.8214971209213052, 0.9577735124760077, 0.9520153550863724, 0.9654510556621881, 0.9750479846449136, 0.9769673704414588, 0.9673704414587332, 0.9712092130518234, 0.9750479846449136, 0.9712092130518234, 0.9769673704414588, 0.9788867562380038, 0.9769673704414588, 0.9788867562380038, 0.9731285988483686, 0.9769673704414588, 0.9692898272552783, 0.9692898272552783, 0.9692898272552783, 0.9673704414587332, 0.9788867562380038, 0.9788867562380038, 0.9788867562380038, 0.980806142034549, 0.9712092130518234, 0.9788867562380038, 0.982725527831094, 0.980806142034549, 0.9865642994241842, 0.9788867562380038, 0.9769673704414588, 0.9788867562380038, 0.9904030710172744, 0.9904030710172744, 0.9904030710172744, 0.9904030710172744, 0.9904030710172744, 0.9904030710172744, 0.9884836852207294, 0.9904030710172744, 0.9865642994241842, 0.9923224568138196, 0.9884836852207294, 0.9904030710172744, 0.9884836852207294, 0.9923224568138196, 0.9769673704414588, 0.9731285988483686, 0.9884836852207294, 0.9904030710172744, 0.9884836852207294, 0.9846449136276392, 0.9884836852207294, 0.9923224568138196, 0.982725527831094, 0.9846449136276392], "dev_loss": [0.45257168511549634, 0.5766319880882899, 0.4322473034262657, 0.3325575888156891, 0.24155325877169767, 0.29595246460909647, 0.12590928313632807, 0.1740854304904739, 0.13245131944616637, 0.06911860142524044, 0.10069191611061494, 0.08857603340099256, 0.10883072398913403, 0.09927911559740703, 0.06285952962934971, 0.09198777750134468, 0.1001735203123341, 0.06390807668988903, 0.15357116532201567, 0.37643267835179967, 0.48258914627755684, 0.09722050527731578, 0.11338344061126311, 0.08197849662974477, 0.058298166220386825, 0.05310152595241865, 0.09513043860594432, 0.07289204024709761, 0.05059131921734661, 0.08103226715077956, 0.056816568675761424, 0.05347915822979606, 0.06185988193222632, 0.047488176729530096, 0.10364194821643953, 0.1104142046533525, 0.07709535009538133, 0.06862636981531978, 0.08827167617467542, 0.07930723445800443, 0.051392173597074965, 0.05038665751089866, 0.041827980259161755, 0.03713648380683784, 0.07458386382010455, 0.04374217939296917, 0.03815099625095778, 0.04178657266963152, 0.03419568579861713, 0.04453584409566247, 0.07018902378210139, 0.053668301888440816, 0.03535044531758066, 0.035281864698497145, 0.029277156699284507, 0.03303280718529322, 0.028804431025695482, 0.03216054838240249, 0.03961129938895169, 0.02716305995871456, 0.03638645959377603, 0.02558313793547858, 0.0325240222915113, 0.03091545395288146, 0.03678033359714542, 0.018508766101503465, 0.0691366195230027, 0.08325060418186088, 0.0316682173394535, 0.02848281501519523, 0.031042100079754203, 0.03889952827000798, 0.03097389524846032, 0.022500025950165536, 0.03699349595232585, 0.03884877935771177], "acum_time": [45.29906439781189, 66.27120566368103, 133.18045592308044, 268.4295771121979, 537.7032341957092, 1074.9743356704712, 2148.297792673111, 4294.317444801331, 8592.329885959625, 17194.984941482544, 34385.208839416504, 68779.20781159401, 137543.73774003983, 275083.5902047157, 550172.6399235725, 1100354.5710299015, 2200711.215033531, 4401404.417202711, 8802809.547057867, 17605619.117794037, 35211239.20645237, 70422480.02292323, 140844958.41702676, 281689914.3681648, 563379829.4260237, 1126759660.6143658, 2253519321.350563, 4507038641.239866, 9014077282.897627, 18028154566.84416, 36056309131.79582, 72112618263.11914, 144225236526.70142, 288450473053.5923, 576900946108.2963, 1153801892217.007, 2307603784432.1187, 4615207568864.299, 9230415137728.754, 18460830275458.785, 36921660550916.11, 73843321101832.7, 147686642203667.62, 295373284407332.8, 590746568814665.6, 1181493137629331.8, 2362986275258664.0, 4725972550517328.0, 9451945101034654.0, 1.890389020206931e+16, 3.7807780404138616e+16, 7.561556080827723e+16, 1.512311216165545e+17, 3.024622432331089e+17, 6.049244864662179e+17, 1.2098489729324357e+18, 2.4196979458648714e+18, 4.839395891729743e+18, 9.678791783459486e+18, 1.935758356691897e+19, 3.871516713383794e+19, 7.743033426767589e+19, 1.5486066853535177e+20, 3.0972133707070354e+20, 6.194426741414071e+20, 1.2388853482828142e+21, 2.4777706965656283e+21, 4.955541393131257e+21, 9.911082786262513e+21, 1.9822165572525027e+22, 3.964433114505005e+22, 7.92886622901001e+22, 1.585773245802002e+23, 3.171546491604004e+23, 6.343092983208009e+23, 1.2686185966416017e+24]}