{"train_loss": [0.6064437925815582, 0.4381675218542417, 0.39470291634400684, 0.31714998135964073, 0.2903212452928225, 0.21388627116878828, 0.18850862657030423, 0.16668376550078393, 0.1524351799239715, 0.1364047624791662, 0.1289221990853548, 0.10300180694709221, 0.11262345043942332, 0.23864117513100305, 0.13071329525361458, 0.13003209922462702, 0.0827127644016097, 0.07739801687809328, 0.06535046854211639, 0.062407480801145235, 0.052151644881814715, 0.03919741671221952, 0.045438204092594484, 0.03884533327072859, 0.03975673593425502, 0.03762659905090307, 0.033367453057629365, 0.02467463045225789, 0.029821694428877284, 0.02648045969156859, 0.023770617785824774, 0.01875613330824611, 0.018838598708195303, 0.018603880420171966, 0.014825412530141573, 0.013652060374928018, 0.015457102046639193, 0.013590043893782423, 0.018610879549911866, 0.024112448639061767, 0.01883166109425171, 0.012038588222155037, 0.013974793621067268, 0.010459339632264648, 0.01109613870406368, 0.012219772213696464, 0.014376561601723854, 0.0130132153397426, 0.01200596193569557, 0.011391463387311281], "dev_loss": [0.5522774358590444, 0.4058975651860237, 0.5446505434811115, 0.5128038848439852, 0.3551274873316288, 0.3001712169498205, 0.2965771947056055, 0.1626870563874642, 0.14938986922303835, 0.17332906167333326, 0.2776230378076434, 0.08634745562449098, 0.19838971877470613, 0.21294798329472542, 0.18266974048068127, 0.1532008902480205, 0.1025863333294789, 0.1740010792079071, 0.127775303243349, 0.08809209304551284, 0.05195673582299302, 0.056300940147290625, 0.09655724822854002, 0.052288324339315295, 0.0766819257599612, 0.07542591503200431, 0.03515816054035289, 0.07527016169236352, 0.16276525985449553, 0.07304385079381366, 0.04328483482822776, 0.06948368804296479, 0.11499839628231712, 0.0663769079449897, 0.05376719953104233, 0.05461625196039677, 0.06581388021974514, 0.07623823058869068, 0.029193879182760913, 0.07423642708454281, 0.07641314047699173, 0.09513841010630131, 0.10577013031191503, 0.09981489146593958, 0.10428179172837797, 0.09656917435737948, 0.06177772810527434, 0.08482012327294797, 0.08095026055040459, 0.07407887203347248], "train_acc": [0.6974761255115962, 0.834924965893588, 0.8342428376534788, 0.8778990450204639, 0.8912005457025921, 0.9273533424283765, 0.9450886766712142, 0.953956343792633, 0.9573669849931787, 0.9583901773533424, 0.9638472032742156, 0.9737380627557981, 0.9703274215552524, 0.9314461118690314, 0.9655525238744884, 0.9727148703956344, 0.9781718963165075, 0.9781718963165075, 0.982605729877217, 0.9860163710777626, 0.9853342428376535, 0.9911323328785812, 0.9901091405184175, 0.9911323328785812, 0.9897680763983628, 0.9901091405184175, 0.9914733969986358, 0.9924965893587995, 0.9914733969986358, 0.992837653478854, 0.9938608458390177, 0.9945429740791268, 0.9959072305593452, 0.9955661664392906, 0.9955661664392906, 0.9962482946793997, 0.9969304229195088, 0.9969304229195088, 0.9969304229195088, 0.9938608458390177, 0.995225102319236, 0.9969304229195088, 0.9962482946793997, 0.9972714870395635, 0.9972714870395635, 0.9965893587994543, 0.9959072305593452, 0.995225102319236, 0.9962482946793997, 0.9979536152796725], "dev_acc": [0.710172744721689, 0.8042226487523992, 0.7523992322456814, 0.7907869481765835, 0.8445297504798465, 0.8886756238003839, 0.8905950095969289, 0.9404990403071017, 0.9424184261036468, 0.944337811900192, 0.9040307101727447, 0.9654510556621881, 0.9289827255278311, 0.946257197696737, 0.9481765834932822, 0.9481765834932822, 0.9654510556621881, 0.9481765834932822, 0.9692898272552783, 0.9654510556621881, 0.9750479846449136, 0.9731285988483686, 0.963531669865643, 0.9769673704414588, 0.9731285988483686, 0.9712092130518234, 0.9884836852207294, 0.9731285988483686, 0.9558541266794626, 0.9750479846449136, 0.9846449136276392, 0.9750479846449136, 0.9692898272552783, 0.9769673704414588, 0.9788867562380038, 0.982725527831094, 0.982725527831094, 0.980806142034549, 0.9942418426103646, 0.9788867562380038, 0.9769673704414588, 0.9769673704414588, 0.9731285988483686, 0.9769673704414588, 0.980806142034549, 0.9769673704414588, 0.982725527831094, 0.9769673704414588, 0.982725527831094, 0.9904030710172744], "acum_time": [0, 22.55753254890442, 44.23004937171936, 64.10510897636414, 84.06251120567322, 104.49750304222107, 123.80075788497925, 146.60200452804565, 171.75006747245789, 194.4813210964203, 213.96678590774536, 234.15375518798828, 261.13103199005127, 284.9623394012451, 310.213406085968, 339.08158779144287, 359.26049757003784, 383.41800904273987, 406.921400308609, 435.0938494205475, 454.7348806858063, 472.91508626937866, 492.7753643989563, 512.0687656402588, 533.7106206417084, 552.9674429893494, 572.2930655479431, 590.8385121822357, 609.4594628810883, 629.6984431743622, 648.8632338047028, 668.7426762580872, 688.4935193061829, 709.2583210468292, 728.7706501483917, 747.840074300766, 766.5211565494537, 785.0748255252838, 804.4448456764221, 823.4327673912048, 842.5812819004059, 863.1745369434357, 883.3042168617249, 902.8294620513916, 921.6817448139191, 940.2955358028412, 960.066070318222, 980.8449642658234, 1001.221645116806, 1019.9341065883636]}