{"train_loss": [0.5098702957232794, 0.386039965848128, 0.3073444813489914, 0.2464644561211268, 0.19441991075873374, 0.16264341895778975, 0.14440659411872428, 0.13452764333536227, 0.11767008121435842, 0.10337923066690564, 0.07377028963528573, 0.06515982146374881, 0.060439650892900924, 0.0624047297751531, 0.10497318183382352, 0.08395635193834702, 0.08650746952043846, 0.06953861986597379, 0.05910576729802415, 0.05698784301639535, 0.07496331857983023, 0.05206699630458995, 0.054091783814753096, 0.03586720706662163, 0.03407741451325516, 0.028558365500430227, 0.031581308482176, 0.025100979164320355, 0.025481117245120307, 0.02933058359461332, 0.025928483503109116, 0.028194600820036917, 0.022287492002821332, 0.0239446576917544, 0.020771921646094902, 0.013919360415699581, 0.013646854578109924, 0.013734090844809543, 0.015434966157772578, 0.011458557578347002, 0.01959789753309451, 0.012240875321557118, 0.01302306320091399, 0.02032794414650804, 0.009675012825755402, 0.008863826678498773, 0.008199383954100388, 0.01071652124276928, 0.009927919269102858, 0.007604869994975161], "dev_loss": [0.44393548866113025, 0.49618810415267944, 0.37454303229848546, 0.23845678940415382, 0.2595620211213827, 0.19559400777022043, 0.1293566875780622, 0.11980485108991464, 0.13591154478490353, 0.08452583073327939, 0.09004231542348862, 0.07296613417565823, 0.059942222433164716, 0.16350718649725118, 0.07991434043894212, 0.0700925956480205, 0.058072873895677425, 0.11437090680313607, 0.08649911964312196, 0.06617975964521368, 0.09341329398254554, 0.0682399148742358, 0.07676915731281042, 0.08504168720295031, 0.05554499818633, 0.12740976177155972, 0.060145285058145724, 0.05217026668833569, 0.07070028847859551, 0.10533136382582597, 0.053983153154452644, 0.07935273177766551, 0.12021872020947437, 0.0804606401361525, 0.05557999309773246, 0.05340982488511751, 0.056768969050608575, 0.035154736872452, 0.030696165864355862, 0.03300647102635897, 0.05603199944986651, 0.0806734590829971, 0.04631430320053672, 0.033850127326635025, 0.043472029792610556, 0.06730084385101993, 0.053566427872283384, 0.04485869861673564, 0.027903254648360114, 0.03620845025094847], "train_acc": [0.7738744884038199, 0.8676671214188267, 0.8816507503410641, 0.9178035470668485, 0.9355388813096862, 0.9488403819918144, 0.9631650750341064, 0.9618008185538881, 0.9638472032742156, 0.9713506139154161, 0.9798772169167803, 0.982605729877217, 0.9819236016371078, 0.9822646657571623, 0.9774897680763983, 0.9781718963165075, 0.9843110504774898, 0.9839699863574352, 0.9832878581173261, 0.9863574351978172, 0.9785129604365621, 0.9860163710777626, 0.9860163710777626, 0.9887448840381992, 0.9911323328785812, 0.9921555252387448, 0.9911323328785812, 0.9955661664392906, 0.9935197817189632, 0.9924965893587995, 0.9918144611186903, 0.9907912687585266, 0.9942019099590723, 0.9935197817189632, 0.9948840381991815, 0.9969304229195088, 0.9969304229195088, 0.9972714870395635, 0.9959072305593452, 0.9969304229195088, 0.9942019099590723, 0.9965893587994543, 0.9969304229195088, 0.9935197817189632, 0.9972714870395635, 0.9965893587994543, 0.997612551159618, 0.9972714870395635, 0.9972714870395635, 0.9979536152796725], "dev_acc": [0.7850287907869482, 0.7927063339731286, 0.8310940499040307, 0.8925143953934741, 0.8925143953934741, 0.9347408829174664, 0.9500959692898272, 0.9520153550863724, 0.946257197696737, 0.9673704414587332, 0.9692898272552783, 0.9692898272552783, 0.9731285988483686, 0.9577735124760077, 0.9692898272552783, 0.9692898272552783, 0.9750479846449136, 0.963531669865643, 0.9692898272552783, 0.9750479846449136, 0.9712092130518234, 0.9731285988483686, 0.9692898272552783, 0.9712092130518234, 0.9769673704414588, 0.9673704414587332, 0.9750479846449136, 0.9750479846449136, 0.9731285988483686, 0.9712092130518234, 0.9788867562380038, 0.9731285988483686, 0.9712092130518234, 0.9788867562380038, 0.982725527831094, 0.9788867562380038, 0.982725527831094, 0.9884836852207294, 0.9904030710172744, 0.9884836852207294, 0.980806142034549, 0.9750479846449136, 0.9846449136276392, 0.9904030710172744, 0.9884836852207294, 0.9769673704414588, 0.9865642994241842, 0.9865642994241842, 0.9923224568138196, 0.9923224568138196], "acum_time": [0, 19.904215812683105, 45.51142716407776, 79.48383712768555, 100.49631404876709, 130.7151641845703, 169.8304181098938, 200.258868932724, 219.27681636810303, 242.29166293144226, 264.3817958831787, 287.02908849716187, 313.71089220046997, 338.21044516563416, 375.2726843357086, 395.23831272125244, 414.3497815132141, 433.58296370506287, 457.2132730484009, 476.8828227519989, 496.10755372047424, 515.3324320316315, 535.9593296051025, 560.8903357982635, 588.5472025871277, 621.302960395813, 642.9156506061554, 662.1856451034546, 680.7640507221222, 699.9996967315674, 719.2915012836456, 739.705228805542, 778.5187110900879, 822.4629833698273, 843.7014887332916, 865.4786174297333, 888.8052659034729, 909.9485883712769, 931.5970499515533, 959.3403904438019, 1019.8026986122131, 1084.9195783138275, 1147.162338733673, 1218.7867081165314, 1265.821499824524, 1328.6684069633484, 1391.6612830162048, 1447.884355545044, 1507.465546131134, 1556.4272956848145]}