{"train_loss": [19.544738292694092, 16.116569169362386, 14.558132410049438, 13.835087656974792, 13.677119874954224, 15.174861399332682, 14.123454141616822, 13.276836744944255, 12.88328995704651, 12.244322967529296, 11.223723475138346, 11.52241891225179, 11.840186866124471, 10.359814699490865, 9.514361886183421, 10.186939255396526, 9.796436421076457, 8.551966349283854, 8.174083930253982, 9.155198589960735, 8.9157505830129, 8.097732861836752, 8.366787974039713, 7.690060806274414, 8.069342430432638, 7.9534651438395185, 7.7867709239323935, 7.878612852096557, 7.4331918636957806, 8.137985173861185, 7.606710084279379, 7.172430495421092, 7.060631505648295, 6.7221859216690065, 6.474261347452799, 6.974253002802531, 6.419982250531515, 6.626581184069315, 6.851264071464539, 6.980449175834655, 7.182564361890157, 7.1321349541346235, 6.7697000483671825, 7.062673203150431, 6.875196405251821, 7.250328985850016, 6.589011295636495, 6.602677728235721, 6.03994980653127, 6.840006693204244], "dev_loss": [17.361897985140484, 14.500227908293406, 14.555704002579054, 12.626476208368937, 17.83006850381692, 16.714871920024354, 16.164444655179977, 14.983283122380575, 16.654625703891117, 15.219499429066977, 17.346553973853588, 17.48017346020788, 17.84327246094108, 15.083940501014391, 15.128133048613867, 17.506193561757982, 15.336077934751907, 15.896906732891997, 15.671895575940047, 15.865466147219422, 16.793991031159027, 16.05381137774687, 15.956742288683017, 15.789583779898294, 15.6563373166476, 15.077989651074555, 14.888707800586417, 15.655473935205615, 15.786393967948243, 15.504703636786871, 15.924184362581096, 15.924604420697278, 15.786050863791843, 15.370772708533574, 15.372372416109405, 15.216840096040565, 15.209719311260415, 15.0771417883628, 14.930968818349356, 14.790438272400934, 14.65298107881305, 14.515913837354674, 14.646486719485134, 14.51159535749745, 14.500659341565552, 14.632871744015574, 14.61946654151628, 14.615416787216722, 14.616668109141756, 14.625275717474628], "train_acc": [0.4931787175989086, 0.5818553888130968, 0.6330150068212824, 0.6224420190995907, 0.6415416098226466, 0.6439290586630286, 0.6664392905866303, 0.6984993178717599, 0.7083901773533424, 0.7322646657571623, 0.7291950886766713, 0.7118008185538881, 0.7080491132332879, 0.737380627557981, 0.7783083219645294, 0.7609140518417462, 0.7629604365620737, 0.7851296043656207, 0.7899045020463847, 0.7701227830832197, 0.7701227830832197, 0.7871759890859482, 0.7834242837653479, 0.7905866302864939, 0.8021828103683493, 0.8066166439290586, 0.815143246930423, 0.8062755798090041, 0.8086630286493861, 0.8028649386084584, 0.8004774897680764, 0.8148021828103683, 0.8113915416098226, 0.8192360163710778, 0.8192360163710778, 0.8165075034106412, 0.822987721691678, 0.82537517053206, 0.8284447476125512, 0.822987721691678, 0.8212824010914052, 0.8263983628922238, 0.822987721691678, 0.8274215552523875, 0.8257162346521146, 0.8321964529331515, 0.8243519781718963, 0.8281036834924966, 0.8383356070941337, 0.8233287858117326], "dev_acc": [0.5834932821497121, 0.6084452975047985, 0.6238003838771593, 0.6410748560460653, 0.5988483685220729, 0.6007677543186181, 0.6314779270633397, 0.6449136276391555, 0.6257197696737045, 0.6372360844529751, 0.6180422264875239, 0.6180422264875239, 0.6142034548944337, 0.6372360844529751, 0.6372360844529751, 0.6180422264875239, 0.6276391554702495, 0.6410748560460653, 0.6314779270633397, 0.6295585412667947, 0.6238003838771593, 0.6276391554702495, 0.6333973128598849, 0.6353166986564299, 0.6333973128598849, 0.6372360844529751, 0.6410748560460653, 0.6391554702495201, 0.6391554702495201, 0.6391554702495201, 0.6372360844529751, 0.6353166986564299, 0.6353166986564299, 0.6391554702495201, 0.6391554702495201, 0.6372360844529751, 0.6391554702495201, 0.6372360844529751, 0.6372360844529751, 0.6372360844529751, 0.6353166986564299, 0.6353166986564299, 0.6353166986564299, 0.6353166986564299, 0.6372360844529751, 0.6391554702495201, 0.6353166986564299, 0.6353166986564299, 0.6372360844529751, 0.6372360844529751], "acum_time": [0, 17.69656538963318, 37.45206165313721, 53.80224370956421, 72.40222334861755, 88.74514579772949, 109.91046333312988, 125.5677318572998, 142.04187273979187, 158.37708473205566, 175.63549757003784, 193.58234000205994, 209.32744240760803, 225.45688009262085, 241.23131322860718, 256.69635677337646, 275.5191550254822, 292.16968870162964, 308.35600566864014, 324.4489722251892, 345.7690052986145, 362.9063730239868, 385.170615196228, 401.6200542449951, 418.8875632286072, 438.85916447639465, 456.1627297401428, 474.0504240989685, 491.22675824165344, 509.63283348083496, 526.1917903423309, 543.7868378162384, 562.0645749568939, 579.8046567440033, 598.3032515048981, 615.0559070110321, 631.2370097637177, 647.2538440227509, 663.553507566452, 679.3219006061554, 696.3275744915009, 712.9164106845856, 732.7341351509094, 749.1130754947662, 767.0897974967957, 785.0369515419006, 802.5963380336761, 823.3276782035828, 843.065515756607, 861.244875907898]}