{"train_loss": [20.575771872202555, 16.87104886372884, 12.42085083325704, 12.579984299341838, 11.688832024733225, 12.00864200592041, 13.507605346043905, 12.276033178965251, 12.125976276397704, 11.489409891764323, 10.90873999595642, 10.093457333246867, 8.977239934603373, 9.783584690093994, 8.880877176920572, 8.402330644925435, 8.47742833296458, 8.909058046340942, 7.730949338277181, 7.743541725476583, 7.45667679309845, 6.735724973678589, 6.957143886884054, 6.825834834575653, 6.0640300989151, 6.8227291663487755, 6.181697726249695, 6.105114579200745, 6.681672890981038, 6.262072388331095, 6.157173760732015, 6.015294607480367, 5.9459270944197975, 5.537314978241921, 5.850169432163239, 5.762897229939699, 5.890591911474863, 5.620150442918142, 6.1110502998034155, 6.004311466217041, 5.618301661809285, 5.4488827308019, 5.873979310194652, 6.034587987263998, 6.184476757049561, 5.244275331497192, 6.03243072827657, 5.651287047068278, 5.232567834854126, 5.59712660908699], "dev_loss": [20.128527094998088, 12.622183595551178, 10.285870686173439, 13.479289472103119, 16.3505606452624, 13.815199335416159, 16.921490557226207, 15.100122690200806, 17.37987293799718, 16.18982634941737, 14.51492187995761, 13.91471461549638, 15.150621374448141, 14.943303545316061, 13.98431142171224, 14.856145083904266, 14.773900389671326, 14.927614490191141, 14.803201218446096, 13.390433669090271, 13.484313126594385, 13.602267703366659, 14.076351324717203, 14.168311874071756, 14.577983021736145, 14.489172101020813, 15.11298398176829, 14.966477274894714, 15.070504903793335, 14.98576295375824, 15.035947759946188, 15.020779132843018, 14.86582056681315, 14.72279187043508, 14.713262359301249, 14.573739488919577, 14.434332291285196, 14.00860850016276, 14.147449612617493, 14.290005524953207, 14.290059049924215, 14.291193008422852, 14.288548866907755, 14.147667368253073, 14.29548180103302, 14.155422767003378, 14.152825315793356, 14.150652448336283, 14.14859672387441, 14.148362159729004], "train_acc": [0.5085266030013642, 0.5668485675306958, 0.6493860845839018, 0.645293315143247, 0.6623465211459755, 0.6886084583901774, 0.6425648021828103, 0.6974761255115962, 0.6858799454297408, 0.7118008185538881, 0.7295361527967258, 0.7472714870395635, 0.7677353342428377, 0.7540927694406548, 0.7639836289222374, 0.7537517053206003, 0.752387448840382, 0.7530695770804912, 0.7759208731241474, 0.7946793997271487, 0.8134379263301501, 0.8120736698499318, 0.8165075034106412, 0.8069577080491133, 0.818212824010914, 0.8171896316507503, 0.8236698499317872, 0.817530695770805, 0.8154843110504775, 0.810368349249659, 0.8178717598908595, 0.8195770804911323, 0.8246930422919508, 0.8260572987721692, 0.8342428376534788, 0.8328785811732605, 0.8315143246930423, 0.8383356070941337, 0.8345839017735335, 0.8407230559345157, 0.834924965893588, 0.8454979536152797, 0.8315143246930423, 0.8311732605729877, 0.8270804911323328, 0.839699863574352, 0.8328785811732605, 0.8362892223738063, 0.8526603001364257, 0.8383356070941337], "dev_acc": [0.5623800383877159, 0.5950095969289827, 0.6218809980806143, 0.6007677543186181, 0.5930902111324377, 0.6353166986564299, 0.6257197696737045, 0.6333973128598849, 0.6103646833013435, 0.6257197696737045, 0.6257197696737045, 0.6353166986564299, 0.6372360844529751, 0.6391554702495201, 0.6468330134357005, 0.6372360844529751, 0.6410748560460653, 0.6372360844529751, 0.6468330134357005, 0.6564299424184261, 0.654510556621881, 0.6564299424184261, 0.6487523992322457, 0.6468330134357005, 0.6487523992322457, 0.654510556621881, 0.6487523992322457, 0.6468330134357005, 0.6429942418426103, 0.6429942418426103, 0.6468330134357005, 0.6487523992322457, 0.6468330134357005, 0.6468330134357005, 0.6487523992322457, 0.6487523992322457, 0.6506717850287908, 0.6525911708253359, 0.6506717850287908, 0.6506717850287908, 0.6525911708253359, 0.6506717850287908, 0.6506717850287908, 0.6506717850287908, 0.6487523992322457, 0.6487523992322457, 0.6487523992322457, 0.6487523992322457, 0.6506717850287908, 0.6506717850287908], "acum_time": [0, 16.858541250228882, 33.4613618850708, 50.189759254455566, 66.0797553062439, 81.51601004600525, 98.61225152015686, 115.5898642539978, 132.50705242156982, 148.83962607383728, 164.2309718132019, 181.08702969551086, 197.51133728027344, 214.642662525177, 231.3131730556488, 247.49504280090332, 263.88167691230774, 280.1719844341278, 296.50710344314575, 313.4578688144684, 331.3444273471832, 348.97323060035706, 365.8705310821533, 381.58861684799194, 398.3437252044678, 414.6873414516449, 436.8066551685333, 452.8772118091583, 469.6510646343231, 486.12050127983093, 502.21180510520935, 518.8560800552368, 538.406302690506, 554.8751971721649, 571.2551636695862, 588.7385408878326, 606.1989560127258, 622.2529535293579, 638.3529870510101, 654.4876480102539, 674.0304529666901, 690.6703796386719, 708.613420009613, 724.4143633842468, 743.1971318721771, 759.8280732631683, 775.4815948009491, 794.8782136440277, 815.1521484851837, 836.228595495224]}