{"train_loss": [16.69895496368408, 14.75755271911621, 14.321202945709228, 13.087130292256672, 12.397075827916463, 13.283916076024374, 12.384368129571278, 12.921004104614259, 13.313148355484008, 12.158087507883709, 11.32090293566386, 10.409568500518798, 11.317620547612508, 10.212067810694377, 9.85014652411143, 9.66736715634664, 9.978874683380127, 10.351175038019816, 9.667001970609029, 8.56367662747701, 9.25308226744334, 9.098952666918438], "dev_loss": [15.144726753234863, 15.45621387163798, 15.890817006429037, 15.395414352416992, 15.10840368270874, 15.047586838404337, 15.636818567911783, 17.633352120717365, 15.809868097305298, 16.336838483810425, 15.23398502667745, 14.521417538324991, 14.649286031723022, 14.96693229675293, 14.786855777104696, 14.925021251042685, 15.176579316457113, 15.861809889475504, 15.111650228500366, 15.429262081782023, 15.760217507680258, 16.36461591720581], "train_acc": [0.5017053206002728, 0.594474761255116, 0.6296043656207367, 0.6497271487039563, 0.6691678035470668, 0.6463165075034106, 0.6664392905866303, 0.6534788540245566, 0.680081855388813, 0.7175989085948158, 0.7479536152796725, 0.7486357435197817, 0.7438608458390177, 0.7684174624829468, 0.7837653478854024, 0.7755798090040927, 0.757162346521146, 0.7783083219645294, 0.7622783083219645, 0.793656207366985, 0.7824010914051842, 0.7813778990450204], "dev_acc": [0.5681381957773513, 0.6026871401151631, 0.5700575815738963, 0.5777351247600768, 0.6103646833013435, 0.6276391554702495, 0.6391554702495201, 0.6276391554702495, 0.6391554702495201, 0.6391554702495201, 0.6410748560460653, 0.6429942418426103, 0.6372360844529751, 0.6449136276391555, 0.6583493282149712, 0.6564299424184261, 0.6602687140115163, 0.6621880998080614, 0.6717850287907869, 0.6621880998080614, 0.6564299424184261, 0.6506717850287908], "acum_time": [231.06632661819458, 247.40184140205383, 497.0016345977783, 995.5014324188232, 1990.6077826023102, 3977.841427564621, 7957.381368398666, 15914.3651740551, 31826.960695505142, 63654.89529776573, 127311.01975345612, 254621.02283000946, 509241.16837978363, 1018482.7662553787, 2036965.0376179218, 4073931.0936849117, 8147860.943151712, 16295721.775569439, 32591443.850810766, 65182888.33979654, 130365778.99627733, 260731555.79705977]}